day_id,date_value,year_num,month_num,open_hours,weekday_name
1,2014-01-02,2014,1,248,Thursday
2,2014-01-03,2014,1,276,Friday
3,2014-01-04,2014,1,276,Saturday
4,2014-01-05,2014,1,276,Sunday
5,2014-01-06,2014,1,276,Monday
6,2014-01-07,2014,1,276,Tuesday
7,2014-01-08,2014,1,276,Wednesday
8,2014-01-09,2014,1,276,Thursday
9,2014-01-10,2014,1,276,Friday
10,2014-01-11,2014,1,276,Saturday
11,2014-01-12,2014,1,276,Sunday
12,2014-01-13,2014,1,276,Monday
13,2014-01-14,2014,1,276,Tuesday
14,2014-01-15,2014,1,276,Wednesday
15,2014-01-16,2014,1,276,Thursday
16,2014-01-17,2014,1,276,Friday
17,2014-01-18,2014,1,276,Saturday
18,2014-01-19,2014,1,276,Sunday
19,2014-01-20,2014,1,276,Monday
20,2014-01-21,2014,1,276,Tuesday
21,2014-01-22,2014,1,276,Wednesday
22,2014-01-23,2014,1,276,Thursday
23,2014-01-24,2014,1,276,Friday
24,2014-01-25,2014,1,276,Saturday
25,2014-01-26,2014,1,276,Sunday
26,2014-01-27,2014,1,276,Monday
27,2014-01-28,2014,1,276,Tuesday
28,2014-01-29,2014,1,276,Wednesday
29,2014-01-30,2014,1,276,Thursday
30,2014-01-31,2014,1,276,Friday
31,2014-02-01,2014,2,276,Saturday
32,2014-02-02,2014,2,276,Sunday
33,2014-02-03,2014,2,276,Monday
34,2014-02-04,2014,2,276,Tuesday
35,2014-02-05,2014,2,276,Wednesday
36,2014-02-06,2014,2,276,Thursday
37,2014-02-07,2014,2,276,Friday
38,2014-02-08,2014,2,276,Saturday
39,2014-02-09,2014,2,276,Sunday
40,2014-02-10,2014,2,276,Monday
41,2014-02-11,2014,2,276,Tuesday
42,2014-02-12,2014,2,276,Wednesday
43,2014-02-13,2014,2,276,Thursday
44,2014-02-14,2014,2,276,Friday
45,2014-02-15,2014,2,276,Saturday
46,2014-02-16,2014,2,276,Sunday
47,2014-02-17,2014,2,276,Monday
48,2014-02-18,2014,2,276,Tuesday
49,2014-02-19,2014,2,276,Wednesday
50,2014-02-20,2014,2,276,Thursday
51,2014-02-21,2014,2,276,Friday
52,2014-02-22,2014,2,276,Saturday
53,2014-02-23,2014,2,276,Sunday
54,2014-02-24,2014,2,276,Monday
55,2014-02-25,2014,2,276,Tuesday
56,2014-02-26,2014,2,276,Wednesday
57,2014-02-27,2014,2,276,Thursday
58,2014-02-28,2014,2,276,Friday
59,2014-03-01,2014,3,276,Saturday
60,2014-03-02,2014,3,276,Sunday
61,2014-03-03,2014,3,276,Monday
62,2014-03-04,2014,3,276,Tuesday
63,2014-03-05,2014,3,276,Wednesday
64,2014-03-06,2014,3,276,Thursday
65,2014-03-07,2014,3,276,Friday
66,2014-03-08,2014,3,276,Saturday
67,2014-03-09,2014,3,276,Sunday
68,2014-03-10,2014,3,276,Monday
69,2014-03-11,2014,3,276,Tuesday
70,2014-03-12,2014,3,276,Wednesday
71,2014-03-13,2014,3,276,Thursday
72,2014-03-14,2014,3,276,Friday
73,2014-03-15,2014,3,276,Saturday
74,2014-03-16,2014,3,276,Sunday
75,2014-03-17,2014,3,276,Monday
76,2014-03-18,2014,3,276,Tuesday
77,2014-03-19,2014,3,276,Wednesday
78,2014-03-20,2014,3,276,Thursday
79,2014-03-21,2014,3,276,Friday
80,2014-03-22,2014,3,276,Saturday
81,2014-03-23,2014,3,276,Sunday
82,2014-03-24,2014,3,276,Monday
83,2014-03-25,2014,3,276,Tuesday
84,2014-03-26,2014,3,276,Wednesday
85,2014-03-27,2014,3,276,Thursday
86,2014-03-28,2014,3,276,Friday
87,2014-03-29,2014,3,276,Saturday
88,2014-03-30,2014,3,276,Sunday
89,2014-03-31,2014,3,276,Monday
90,2014-04-01,2014,4,276,Tuesday
91,2014-04-02,2014,4,276,Wednesday
92,2014-04-03,2014,4,276,Thursday
93,2014-04-04,2014,4,276,Friday
94,2014-04-05,2014,4,276,Saturday
95,2014-04-06,2014,4,276,Sunday
96,2014-04-07,2014,4,276,Monday
97,2014-04-08,2014,4,276,Tuesday
98,2014-04-09,2014,4,276,Wednesday
99,2014-04-10,2014,4,276,Thursday
100,2014-04-11,2014,4,276,Friday
101,2014-04-12,2014,4,276,Saturday
102,2014-04-13,2014,4,276,Sunday
103,2014-04-14,2014,4,276,Monday
104,2014-04-15,2014,4,276,Tuesday
105,2014-04-16,2014,4,276,Wednesday
106,2014-04-17,2014,4,276,Thursday
107,2014-04-18,2014,4,276,Friday
108,2014-04-19,2014,4,276,Saturday
109,2014-04-20,2014,4,276,Sunday
110,2014-04-21,2014,4,276,Monday
111,2014-04-22,2014,4,276,Tuesday
112,2014-04-23,2014,4,276,Wednesday
113,2014-04-24,2014,4,276,Thursday
114,2014-04-25,2014,4,276,Friday
115,2014-04-26,2014,4,276,Saturday
116,2014-04-27,2014,4,276,Sunday
117,2014-04-28,2014,4,276,Monday
118,2014-04-29,2014,4,276,Tuesday
119,2014-04-30,2014,4,276,Wednesday
120,2014-05-01,2014,5,276,Thursday
121,2014-05-02,2014,5,276,Friday
122,2014-05-03,2014,5,276,Saturday
123,2014-05-04,2014,5,276,Sunday
124,2014-05-05,2014,5,276,Monday
125,2014-05-06,2014,5,276,Tuesday
126,2014-05-07,2014,5,276,Wednesday
127,2014-05-08,2014,5,276,Thursday
128,2014-05-09,2014,5,276,Friday
129,2014-05-10,2014,5,276,Saturday
130,2014-05-11,2014,5,276,Sunday
131,2014-05-12,2014,5,276,Monday
132,2014-05-13,2014,5,276,Tuesday
133,2014-05-14,2014,5,276,Wednesday
134,2014-05-15,2014,5,276,Thursday
135,2014-05-16,2014,5,276,Friday
136,2014-05-17,2014,5,276,Saturday
137,2014-05-18,2014,5,276,Sunday
138,2014-05-19,2014,5,276,Monday
139,2014-05-20,2014,5,276,Tuesday
140,2014-05-21,2014,5,276,Wednesday
141,2014-05-22,2014,5,276,Thursday
142,2014-05-23,2014,5,276,Friday
143,2014-05-24,2014,5,276,Saturday
144,2014-05-25,2014,5,276,Sunday
145,2014-05-26,2014,5,276,Monday
146,2014-05-27,2014,5,276,Tuesday
147,2014-05-28,2014,5,276,Wednesday
148,2014-05-29,2014,5,276,Thursday
149,2014-05-30,2014,5,276,Friday
150,2014-05-31,2014,5,276,Saturday
151,2014-06-01,2014,6,276,Sunday
152,2014-06-02,2014,6,276,Monday
153,2014-06-03,2014,6,276,Tuesday
154,2014-06-04,2014,6,276,Wednesday
155,2014-06-05,2014,6,276,Thursday
156,2014-06-06,2014,6,276,Friday
157,2014-06-07,2014,6,276,Saturday
158,2014-06-08,2014,6,276,Sunday
159,2014-06-09,2014,6,276,Monday
160,2014-06-10,2014,6,276,Tuesday
161,2014-06-11,2014,6,276,Wednesday
162,2014-06-12,2014,6,276,Thursday
163,2014-06-13,2014,6,276,Friday
164,2014-06-14,2014,6,276,Saturday
165,2014-06-15,2014,6,276,Sunday
166,2014-06-16,2014,6,276,Monday
167,2014-06-17,2014,6,276,Tuesday
168,2014-06-18,2014,6,276,Wednesday
169,2014-06-19,2014,6,276,Thursday
170,2014-06-20,2014,6,276,Friday
171,2014-06-21,2014,6,276,Saturday
172,2014-06-22,2014,6,276,Sunday
173,2014-06-23,2014,6,276,Monday
174,2014-06-24,2014,6,276,Tuesday
175,2014-06-25,2014,6,276,Wednesday
176,2014-06-26,2014,6,276,Thursday
177,2014-06-27,2014,6,276,Friday
178,2014-06-28,2014,6,276,Saturday
179,2014-06-29,2014,6,276,Sunday
180,2014-06-30,2014,6,276,Monday
181,2014-07-01,2014,7,276,Tuesday
182,2014-07-02,2014,7,276,Wednesday
183,2014-07-03,2014,7,276,Thursday
184,2014-07-04,2014,7,276,Friday
185,2014-07-05,2014,7,276,Saturday
186,2014-07-06,2014,7,276,Sunday
187,2014-07-07,2014,7,276,Monday
188,2014-07-08,2014,7,276,Tuesday
189,2014-07-09,2014,7,276,Wednesday
190,2014-07-10,2014,7,276,Thursday
191,2014-07-11,2014,7,276,Friday
192,2014-07-12,2014,7,276,Saturday
193,2014-07-13,2014,7,276,Sunday
194,2014-07-14,2014,7,276,Monday
195,2014-07-15,2014,7,276,Tuesday
196,2014-07-16,2014,7,276,Wednesday
197,2014-07-17,2014,7,276,Thursday
198,2014-07-18,2014,7,276,Friday
199,2014-07-19,2014,7,276,Saturday
200,2014-07-20,2014,7,276,Sunday
201,2014-07-21,2014,7,276,Monday
202,2014-07-22,2014,7,276,Tuesday
203,2014-07-23,2014,7,276,Wednesday
204,2014-07-24,2014,7,276,Thursday
205,2014-07-25,2014,7,276,Friday
206,2014-07-26,2014,7,276,Saturday
207,2014-07-27,2014,7,276,Sunday
208,2014-07-28,2014,7,276,Monday
209,2014-07-29,2014,7,276,Tuesday
210,2014-07-30,2014,7,276,Wednesday
211,2014-07-31,2014,7,276,Thursday
212,2014-08-01,2014,8,276,Friday
213,2014-08-02,2014,8,276,Saturday
214,2014-08-03,2014,8,276,Sunday
215,2014-08-04,2014,8,276,Monday
216,2014-08-05,2014,8,276,Tuesday
217,2014-08-06,2014,8,276,Wednesday
218,2014-08-07,2014,8,276,Thursday
219,2014-08-08,2014,8,276,Friday
220,2014-08-09,2014,8,276,Saturday
221,2014-08-10,2014,8,276,Sunday
222,2014-08-11,2014,8,276,Monday
223,2014-08-12,2014,8,276,Tuesday
224,2014-08-13,2014,8,276,Wednesday
225,2014-08-14,2014,8,276,Thursday
226,2014-08-15,2014,8,276,Friday
227,2014-08-16,2014,8,276,Saturday
228,2014-08-17,2014,8,276,Sunday
229,2014-08-18,2014,8,276,Monday
230,2014-08-19,2014,8,276,Tuesday
231,2014-08-20,2014,8,276,Wednesday
232,2014-08-21,2014,8,276,Thursday
233,2014-08-22,2014,8,276,Friday
234,2014-08-23,2014,8,276,Saturday
235,2014-08-24,2014,8,276,Sunday
236,2014-08-25,2014,8,276,Monday
237,2014-08-26,2014,8,276,Tuesday
238,2014-08-27,2014,8,276,Wednesday
239,2014-08-28,2014,8,276,Thursday
240,2014-08-29,2014,8,276,Friday
241,2014-08-30,2014,8,276,Saturday
242,2014-08-31,2014,8,276,Sunday
243,2014-09-01,2014,9,276,Monday
244,2014-09-02,2014,9,276,Tuesday
245,2014-09-03,2014,9,276,Wednesday
246,2014-09-04,2014,9,276,Thursday
247,2014-09-05,2014,9,276,Friday
248,2014-09-06,2014,9,276,Saturday
249,2014-09-07,2014,9,276,Sunday
250,2014-09-08,2014,9,276,Monday
251,2014-09-09,2014,9,276,Tuesday
252,2014-09-10,2014,9,276,Wednesday
253,2014-09-11,2014,9,276,Thursday
254,2014-09-12,2014,9,276,Friday
255,2014-09-13,2014,9,276,Saturday
256,2014-09-14,2014,9,276,Sunday
257,2014-09-15,2014,9,276,Monday
258,2014-09-16,2014,9,276,Tuesday
259,2014-09-17,2014,9,276,Wednesday
260,2014-09-18,2014,9,276,Thursday
261,2014-09-19,2014,9,276,Friday
262,2014-09-20,2014,9,276,Saturday
263,2014-09-21,2014,9,276,Sunday
264,2014-09-22,2014,9,276,Monday
265,2014-09-23,2014,9,276,Tuesday
266,2014-09-24,2014,9,276,Wednesday
267,2014-09-25,2014,9,276,Thursday
268,2014-09-26,2014,9,276,Friday
269,2014-09-27,2014,9,276,Saturday
270,2014-09-28,2014,9,276,Sunday
271,2014-09-29,2014,9,276,Monday
272,2014-09-30,2014,9,276,Tuesday
273,2014-10-01,2014,10,276,Wednesday
274,2014-10-02,2014,10,276,Thursday
275,2014-10-03,2014,10,276,Friday
276,2014-10-04,2014,10,276,Saturday
277,2014-10-05,2014,10,276,Sunday
278,2014-10-06,2014,10,276,Monday
279,2014-10-07,2014,10,276,Tuesday
280,2014-10-08,2014,10,276,Wednesday
281,2014-10-09,2014,10,276,Thursday
282,2014-10-10,2014,10,276,Friday
283,2014-10-11,2014,10,276,Saturday
284,2014-10-12,2014,10,276,Sunday
285,2014-10-13,2014,10,276,Monday
286,2014-10-14,2014,10,276,Tuesday
287,2014-10-15,2014,10,276,Wednesday
288,2014-10-16,2014,10,276,Thursday
289,2014-10-17,2014,10,276,Friday
290,2014-10-18,2014,10,276,Saturday
291,2014-10-19,2014,10,276,Sunday
292,2014-10-20,2014,10,276,Monday
293,2014-10-21,2014,10,276,Tuesday
294,2014-10-22,2014,10,276,Wednesday
295,2014-10-23,2014,10,276,Thursday
296,2014-10-24,2014,10,276,Friday
297,2014-10-25,2014,10,276,Saturday
298,2014-10-26,2014,10,276,Sunday
299,2014-10-27,2014,10,276,Monday
300,2014-10-28,2014,10,276,Tuesday
301,2014-10-29,2014,10,276,Wednesday
302,2014-10-30,2014,10,276,Thursday
303,2014-10-31,2014,10,276,Friday
304,2014-11-01,2014,11,276,Saturday
305,2014-11-02,2014,11,276,Sunday
306,2014-11-03,2014,11,276,Monday
307,2014-11-04,2014,11,276,Tuesday
308,2014-11-05,2014,11,276,Wednesday
309,2014-11-06,2014,11,276,Thursday
310,2014-11-07,2014,11,276,Friday
311,2014-11-08,2014,11,276,Saturday
312,2014-11-09,2014,11,276,Sunday
313,2014-11-10,2014,11,276,Monday
314,2014-11-11,2014,11,276,Tuesday
315,2014-11-12,2014,11,276,Wednesday
316,2014-11-13,2014,11,276,Thursday
317,2014-11-14,2014,11,276,Friday
318,2014-11-15,2014,11,276,Saturday
319,2014-11-16,2014,11,276,Sunday
320,2014-11-17,2014,11,276,Monday
321,2014-11-18,2014,11,276,Tuesday
322,2014-11-19,2014,11,276,Wednesday
323,2014-11-20,2014,11,276,Thursday
324,2014-11-21,2014,11,276,Friday
325,2014-11-22,2014,11,276,Saturday
326,2014-11-23,2014,11,276,Sunday
327,2014-11-24,2014,11,276,Monday
328,2014-11-25,2014,11,276,Tuesday
329,2014-11-26,2014,11,276,Wednesday
330,2014-11-27,2014,11,276,Thursday
331,2014-11-28,2014,11,276,Friday
332,2014-11-29,2014,11,276,Saturday
333,2014-11-30,2014,11,276,Sunday
334,2014-12-01,2014,12,276,Monday
335,2014-12-02,2014,12,276,Tuesday
336,2014-12-03,2014,12,276,Wednesday
337,2014-12-04,2014,12,276,Thursday
338,2014-12-05,2014,12,276,Friday
339,2014-12-06,2014,12,276,Saturday
340,2014-12-07,2014,12,276,Sunday
341,2014-12-08,2014,12,276,Monday
342,2014-12-09,2014,12,276,Tuesday
343,2014-12-10,2014,12,276,Wednesday
344,2014-12-11,2014,12,276,Thursday
345,2014-12-12,2014,12,276,Friday
346,2014-12-13,2014,12,276,Saturday
347,2014-12-14,2014,12,276,Sunday
348,2014-12-15,2014,12,276,Monday
349,2014-12-16,2014,12,276,Tuesday
350,2014-12-17,2014,12,276,Wednesday
351,2014-12-18,2014,12,276,Thursday
352,2014-12-19,2014,12,276,Friday
353,2014-12-20,2014,12,276,Saturday
354,2014-12-21,2014,12,276,Sunday
355,2014-12-22,2014,12,276,Monday
356,2014-12-23,2014,12,276,Tuesday
357,2014-12-24,2014,12,276,Wednesday
358,2014-12-25,2014,12,276,Thursday
359,2014-12-26,2014,12,276,Friday
360,2014-12-27,2014,12,276,Saturday
361,2014-12-28,2014,12,276,Sunday
362,2014-12-29,2014,12,276,Monday
363,2014-12-30,2014,12,276,Tuesday
364,2014-12-31,2014,12,276,Wednesday
365,2015-01-01,2015,1,276,Thursday
366,2015-01-02,2015,1,276,Friday
367,2015-01-03,2015,1,276,Saturday
368,2015-01-04,2015,1,276,Sunday
369,2015-01-05,2015,1,276,Monday
370,2015-01-06,2015,1,276,Tuesday
371,2015-01-07,2015,1,276,Wednesday
372,2015-01-08,2015,1,276,Thursday
373,2015-01-09,2015,1,276,Friday
374,2015-01-10,2015,1,276,Saturday
375,2015-01-11,2015,1,276,Sunday
376,2015-01-12,2015,1,276,Monday
377,2015-01-13,2015,1,276,Tuesday
378,2015-01-14,2015,1,276,Wednesday
379,2015-01-15,2015,1,276,Thursday
380,2015-01-16,2015,1,276,Friday
381,2015-01-17,2015,1,276,Saturday
382,2015-01-18,2015,1,276,Sunday
383,2015-01-19,2015,1,276,Monday
384,2015-01-20,2015,1,276,Tuesday
385,2015-01-21,2015,1,276,Wednesday
386,2015-01-22,2015,1,276,Thursday
387,2015-01-23,2015,1,276,Friday
388,2015-01-24,2015,1,276,Saturday
389,2015-01-25,2015,1,276,Sunday
390,2015-01-26,2015,1,276,Monday
391,2015-01-27,2015,1,276,Tuesday
392,2015-01-28,2015,1,276,Wednesday
393,2015-01-29,2015,1,276,Thursday
394,2015-01-30,2015,1,276,Friday
395,2015-01-31,2015,1,276,Saturday
396,2015-02-01,2015,2,276,Sunday
397,2015-02-02,2015,2,276,Monday
398,2015-02-03,2015,2,276,Tuesday
399,2015-02-04,2015,2,276,Wednesday
400,2015-02-05,2015,2,276,Thursday
401,2015-02-06,2015,2,276,Friday
402,2015-02-07,2015,2,276,Saturday
403,2015-02-08,2015,2,276,Sunday
404,2015-02-09,2015,2,276,Monday
405,2015-02-10,2015,2,276,Tuesday
406,2015-02-11,2015,2,276,Wednesday
407,2015-02-12,2015,2,276,Thursday
408,2015-02-13,2015,2,276,Friday
409,2015-02-14,2015,2,276,Saturday
410,2015-02-15,2015,2,276,Sunday
411,2015-02-16,2015,2,276,Monday
412,2015-02-17,2015,2,276,Tuesday
413,2015-02-18,2015,2,276,Wednesday
414,2015-02-19,2015,2,276,Thursday
415,2015-02-20,2015,2,276,Friday
416,2015-02-21,2015,2,276,Saturday
417,2015-02-22,2015,2,276,Sunday
418,2015-02-23,2015,2,276,Monday
419,2015-02-24,2015,2,276,Tuesday
420,2015-02-25,2015,2,276,Wednesday
421,2015-02-26,2015,2,276,Thursday
422,2015-02-27,2015,2,276,Friday
423,2015-02-28,2015,2,276,Saturday
424,2015-03-01,2015,3,276,Sunday
425,2015-03-02,2015,3,276,Monday
426,2015-03-03,2015,3,276,Tuesday
427,2015-03-04,2015,3,276,Wednesday
428,2015-03-05,2015,3,276,Thursday
429,2015-03-06,2015,3,276,Friday
430,2015-03-07,2015,3,276,Saturday
431,2015-03-08,2015,3,276,Sunday
432,2015-03-09,2015,3,276,Monday
433,2015-03-10,2015,3,276,Tuesday
434,2015-03-11,2015,3,276,Wednesday
435,2015-03-12,2015,3,276,Thursday
436,2015-03-13,2015,3,276,Friday
437,2015-03-14,2015,3,276,Saturday
438,2015-03-15,2015,3,276,Sunday
439,2015-03-16,2015,3,276,Monday
440,2015-03-17,2015,3,276,Tuesday
441,2015-03-18,2015,3,276,Wednesday
442,2015-03-19,2015,3,276,Thursday
443,2015-03-20,2015,3,276,Friday
444,2015-03-21,2015,3,276,Saturday
445,2015-03-22,2015,3,276,Sunday
446,2015-03-23,2015,3,276,Monday
447,2015-03-24,2015,3,276,Tuesday
448,2015-03-25,2015,3,276,Wednesday
449,2015-03-26,2015,3,276,Thursday
450,2015-03-27,2015,3,276,Friday
451,2015-03-28,2015,3,276,Saturday
452,2015-03-29,2015,3,276,Sunday
453,2015-03-30,2015,3,276,Monday
454,2015-03-31,2015,3,276,Tuesday
455,2015-04-01,2015,4,276,Wednesday
456,2015-04-02,2015,4,276,Thursday
457,2015-04-03,2015,4,276,Friday
458,2015-04-04,2015,4,276,Saturday
459,2015-04-05,2015,4,276,Sunday
460,2015-04-06,2015,4,276,Monday
461,2015-04-07,2015,4,276,Tuesday
462,2015-04-08,2015,4,276,Wednesday
463,2015-04-09,2015,4,276,Thursday
464,2015-04-10,2015,4,276,Friday
465,2015-04-11,2015,4,276,Saturday
466,2015-04-12,2015,4,276,Sunday
467,2015-04-13,2015,4,276,Monday
468,2015-04-14,2015,4,276,Tuesday
469,2015-04-15,2015,4,276,Wednesday
470,2015-04-16,2015,4,276,Thursday
471,2015-04-17,2015,4,276,Friday
472,2015-04-18,2015,4,276,Saturday
473,2015-04-19,2015,4,276,Sunday
474,2015-04-20,2015,4,276,Monday
475,2015-04-21,2015,4,276,Tuesday
476,2015-04-22,2015,4,276,Wednesday
477,2015-04-23,2015,4,276,Thursday
478,2015-04-24,2015,4,276,Friday
479,2015-04-25,2015,4,276,Saturday
480,2015-04-26,2015,4,276,Sunday
481,2015-04-27,2015,4,276,Monday
482,2015-04-28,2015,4,276,Tuesday
483,2015-04-29,2015,4,276,Wednesday
484,2015-04-30,2015,4,276,Thursday
485,2015-05-01,2015,5,276,Friday
486,2015-05-02,2015,5,276,Saturday
487,2015-05-03,2015,5,276,Sunday
488,2015-05-04,2015,5,276,Monday
489,2015-05-05,2015,5,276,Tuesday
490,2015-05-06,2015,5,276,Wednesday
491,2015-05-07,2015,5,276,Thursday
492,2015-05-08,2015,5,276,Friday
493,2015-05-09,2015,5,276,Saturday
494,2015-05-10,2015,5,276,Sunday
495,2015-05-11,2015,5,276,Monday
496,2015-05-12,2015,5,276,Tuesday
497,2015-05-13,2015,5,276,Wednesday
498,2015-05-14,2015,5,276,Thursday
499,2015-05-15,2015,5,276,Friday
500,2015-05-16,2015,5,276,Saturday
501,2015-05-17,2015,5,276,Sunday
502,2015-05-18,2015,5,276,Monday
503,2015-05-19,2015,5,276,Tuesday
504,2015-05-20,2015,5,276,Wednesday
505,2015-05-21,2015,5,276,Thursday
506,2015-05-22,2015,5,276,Friday
507,2015-05-23,2015,5,276,Saturday
508,2015-05-24,2015,5,276,Sunday
509,2015-05-25,2015,5,276,Monday
510,2015-05-26,2015,5,276,Tuesday
511,2015-05-27,2015,5,276,Wednesday
512,2015-05-28,2015,5,276,Thursday
513,2015-05-29,2015,5,276,Friday
514,2015-05-30,2015,5,276,Saturday
515,2015-05-31,2015,5,276,Sunday
516,2015-06-01,2015,6,276,Monday
517,2015-06-02,2015,6,276,Tuesday
518,2015-06-03,2015,6,276,Wednesday
519,2015-06-04,2015,6,276,Thursday
520,2015-06-05,2015,6,276,Friday
521,2015-06-06,2015,6,276,Saturday
522,2015-06-07,2015,6,276,Sunday
523,2015-06-08,2015,6,276,Monday
524,2015-06-09,2015,6,276,Tuesday
525,2015-06-10,2015,6,276,Wednesday
526,2015-06-11,2015,6,276,Thursday
527,2015-06-12,2015,6,276,Friday
528,2015-06-13,2015,6,276,Saturday
529,2015-06-14,2015,6,276,Sunday
530,2015-06-15,2015,6,276,Monday
531,2015-06-16,2015,6,276,Tuesday
532,2015-06-17,2015,6,276,Wednesday
533,2015-06-18,2015,6,276,Thursday
534,2015-06-19,2015,6,276,Friday
535,2015-06-20,2015,6,276,Saturday
536,2015-06-21,2015,6,276,Sunday
537,2015-06-22,2015,6,276,Monday
538,2015-06-23,2015,6,276,Tuesday
539,2015-06-24,2015,6,276,Wednesday
540,2015-06-25,2015,6,276,Thursday
541,2015-06-26,2015,6,276,Friday
542,2015-06-27,2015,6,276,Saturday
543,2015-06-28,2015,6,276,Sunday
544,2015-06-29,2015,6,276,Monday
545,2015-06-30,2015,6,276,Tuesday
546,2015-07-01,2015,7,276,Wednesday
547,2015-07-02,2015,7,276,Thursday
548,2015-07-03,2015,7,276,Friday
549,2015-07-04,2015,7,276,Saturday
550,2015-07-05,2015,7,276,Sunday
551,2015-07-06,2015,7,276,Monday
552,2015-07-07,2015,7,276,Tuesday
553,2015-07-08,2015,7,276,Wednesday
554,2015-07-09,2015,7,276,Thursday
555,2015-07-10,2015,7,276,Friday
556,2015-07-11,2015,7,276,Saturday
557,2015-07-12,2015,7,276,Sunday
558,2015-07-13,2015,7,276,Monday
559,2015-07-14,2015,7,276,Tuesday
560,2015-07-15,2015,7,276,Wednesday
561,2015-07-16,2015,7,276,Thursday
562,2015-07-17,2015,7,276,Friday
563,2015-07-18,2015,7,276,Saturday
564,2015-07-19,2015,7,276,Sunday
565,2015-07-20,2015,7,276,Monday
566,2015-07-21,2015,7,276,Tuesday
567,2015-07-22,2015,7,276,Wednesday
568,2015-07-23,2015,7,276,Thursday
569,2015-07-24,2015,7,276,Friday
570,2015-07-25,2015,7,276,Saturday
571,2015-07-26,2015,7,276,Sunday
572,2015-07-27,2015,7,276,Monday
573,2015-07-28,2015,7,276,Tuesday
574,2015-07-29,2015,7,276,Wednesday
575,2015-07-30,2015,7,276,Thursday
576,2015-07-31,2015,7,276,Friday
577,2015-08-01,2015,8,276,Saturday
578,2015-08-02,2015,8,276,Sunday
579,2015-08-03,2015,8,276,Monday
580,2015-08-04,2015,8,276,Tuesday
581,2015-08-05,2015,8,276,Wednesday
582,2015-08-06,2015,8,276,Thursday
583,2015-08-07,2015,8,276,Friday
584,2015-08-08,2015,8,276,Saturday
585,2015-08-09,2015,8,276,Sunday
586,2015-08-10,2015,8,276,Monday
587,2015-08-11,2015,8,276,Tuesday
588,2015-08-12,2015,8,276,Wednesday
589,2015-08-13,2015,8,276,Thursday
590,2015-08-14,2015,8,276,Friday
591,2015-08-15,2015,8,276,Saturday
592,2015-08-16,2015,8,276,Sunday
593,2015-08-17,2015,8,276,Monday
594,2015-08-18,2015,8,276,Tuesday
595,2015-08-19,2015,8,276,Wednesday
596,2015-08-20,2015,8,276,Thursday
597,2015-08-21,2015,8,276,Friday
598,2015-08-22,2015,8,276,Saturday
599,2015-08-23,2015,8,276,Sunday
600,2015-08-24,2015,8,276,Monday
601,2015-08-25,2015,8,276,Tuesday
602,2015-08-26,2015,8,276,Wednesday
603,2015-08-27,2015,8,276,Thursday
604,2015-08-28,2015,8,276,Friday
605,2015-08-29,2015,8,276,Saturday
606,2015-08-30,2015,8,276,Sunday
607,2015-08-31,2015,8,276,Monday
608,2015-09-01,2015,9,276,Tuesday
609,2015-09-02,2015,9,276,Wednesday
610,2015-09-03,2015,9,276,Thursday
611,2015-09-04,2015,9,276,Friday
612,2015-09-05,2015,9,276,Saturday
613,2015-09-06,2015,9,276,Sunday
614,2015-09-07,2015,9,276,Monday
615,2015-09-08,2015,9,276,Tuesday
616,2015-09-09,2015,9,276,Wednesday
617,2015-09-10,2015,9,276,Thursday
618,2015-09-11,2015,9,276,Friday
619,2015-09-12,2015,9,276,Saturday
620,2015-09-13,2015,9,276,Sunday
621,2015-09-14,2015,9,276,Monday
622,2015-09-15,2015,9,276,Tuesday
623,2015-09-16,2015,9,276,Wednesday
624,2015-09-17,2015,9,276,Thursday
625,2015-09-18,2015,9,276,Friday
626,2015-09-19,2015,9,276,Saturday
627,2015-09-20,2015,9,276,Sunday
628,2015-09-21,2015,9,276,Monday
629,2015-09-22,2015,9,276,Tuesday
630,2015-09-23,2015,9,276,Wednesday
631,2015-09-24,2015,9,276,Thursday
632,2015-09-25,2015,9,276,Friday
633,2015-09-26,2015,9,276,Saturday
634,2015-09-27,2015,9,276,Sunday
635,2015-09-28,2015,9,276,Monday
636,2015-09-29,2015,9,276,Tuesday
637,2015-09-30,2015,9,276,Wednesday
638,2015-10-01,2015,10,276,Thursday
639,2015-10-02,2015,10,276,Friday
640,2015-10-03,2015,10,276,Saturday
641,2015-10-04,2015,10,276,Sunday
642,2015-10-05,2015,10,276,Monday
643,2015-10-06,2015,10,276,Tuesday
644,2015-10-07,2015,10,276,Wednesday
645,2015-10-08,2015,10,276,Thursday
646,2015-10-09,2015,10,276,Friday
647,2015-10-10,2015,10,276,Saturday
648,2015-10-11,2015,10,276,Sunday
649,2015-10-12,2015,10,276,Monday
650,2015-10-13,2015,10,276,Tuesday
651,2015-10-14,2015,10,276,Wednesday
652,2015-10-15,2015,10,276,Thursday
653,2015-10-16,2015,10,276,Friday
654,2015-10-17,2015,10,276,Saturday
655,2015-10-18,2015,10,276,Sunday
656,2015-10-19,2015,10,276,Monday
657,2015-10-20,2015,10,276,Tuesday
658,2015-10-21,2015,10,276,Wednesday
659,2015-10-22,2015,10,276,Thursday
660,2015-10-23,2015,10,276,Friday
661,2015-10-24,2015,10,276,Saturday
662,2015-10-25,2015,10,276,Sunday
663,2015-10-26,2015,10,276,Monday
664,2015-10-27,2015,10,276,Tuesday
665,2015-10-28,2015,10,276,Wednesday
666,2015-10-29,2015,10,276,Thursday
667,2015-10-30,2015,10,276,Friday
668,2015-10-31,2015,10,276,Saturday
669,2015-11-01,2015,11,276,Sunday
670,2015-11-02,2015,11,276,Monday
671,2015-11-03,2015,11,276,Tuesday
672,2015-11-04,2015,11,276,Wednesday
673,2015-11-05,2015,11,276,Thursday
674,2015-11-06,2015,11,276,Friday
675,2015-11-07,2015,11,276,Saturday
676,2015-11-08,2015,11,276,Sunday
677,2015-11-09,2015,11,276,Monday
678,2015-11-10,2015,11,276,Tuesday
679,2015-11-11,2015,11,276,Wednesday
680,2015-11-12,2015,11,276,Thursday
681,2015-11-13,2015,11,276,Friday
682,2015-11-14,2015,11,276,Saturday
683,2015-11-15,2015,11,276,Sunday
684,2015-11-16,2015,11,276,Monday
685,2015-11-17,2015,11,276,Tuesday
686,2015-11-18,2015,11,276,Wednesday
687,2015-11-19,2015,11,276,Thursday
688,2015-11-20,2015,11,276,Friday
689,2015-11-21,2015,11,276,Saturday
690,2015-11-22,2015,11,276,Sunday
691,2015-11-23,2015,11,276,Monday
692,2015-11-24,2015,11,276,Tuesday
693,2015-11-25,2015,11,276,Wednesday
694,2015-11-26,2015,11,276,Thursday
695,2015-11-27,2015,11,276,Friday
696,2015-11-28,2015,11,276,Saturday
697,2015-11-29,2015,11,276,Sunday
698,2015-11-30,2015,11,276,Monday
699,2015-12-01,2015,12,276,Tuesday
700,2015-12-02,2015,12,276,Wednesday
701,2015-12-03,2015,12,276,Thursday
702,2015-12-04,2015,12,276,Friday
703,2015-12-05,2015,12,276,Saturday
704,2015-12-06,2015,12,276,Sunday
705,2015-12-07,2015,12,276,Monday
706,2015-12-08,2015,12,276,Tuesday
707,2015-12-09,2015,12,276,Wednesday
708,2015-12-10,2015,12,276,Thursday
709,2015-12-11,2015,12,276,Friday
710,2015-12-12,2015,12,276,Saturday
711,2015-12-13,2015,12,276,Sunday
712,2015-12-14,2015,12,276,Monday
713,2015-12-15,2015,12,276,Tuesday
714,2015-12-16,2015,12,276,Wednesday
715,2015-12-17,2015,12,276,Thursday
716,2015-12-18,2015,12,276,Friday
717,2015-12-19,2015,12,276,Saturday
718,2015-12-20,2015,12,276,Sunday
719,2015-12-21,2015,12,276,Monday
720,2015-12-22,2015,12,276,Tuesday
721,2015-12-23,2015,12,276,Wednesday
722,2015-12-24,2015,12,276,Thursday
723,2015-12-25,2015,12,276,Friday
724,2015-12-26,2015,12,276,Saturday
725,2015-12-27,2015,12,276,Sunday
726,2015-12-28,2015,12,276,Monday
727,2015-12-29,2015,12,276,Tuesday
728,2015-12-30,2015,12,276,Wednesday
729,2015-12-31,2015,12,276,Thursday
730,2016-01-01,2016,1,276,Friday
731,2016-01-02,2016,1,276,Saturday
732,2016-01-03,2016,1,276,Sunday
733,2016-01-04,2016,1,276,Monday
734,2016-01-05,2016,1,276,Tuesday
735,2016-01-06,2016,1,276,Wednesday
736,2016-01-07,2016,1,276,Thursday
737,2016-01-08,2016,1,276,Friday
738,2016-01-09,2016,1,276,Saturday
739,2016-01-10,2016,1,276,Sunday
740,2016-01-11,2016,1,276,Monday
741,2016-01-12,2016,1,276,Tuesday
742,2016-01-13,2016,1,276,Wednesday
743,2016-01-14,2016,1,276,Thursday
744,2016-01-15,2016,1,276,Friday
745,2016-01-16,2016,1,276,Saturday
746,2016-01-17,2016,1,276,Sunday
747,2016-01-18,2016,1,276,Monday
748,2016-01-19,2016,1,276,Tuesday
749,2016-01-20,2016,1,276,Wednesday
750,2016-01-21,2016,1,276,Thursday
751,2016-01-22,2016,1,276,Friday
752,2016-01-23,2016,1,276,Saturday
753,2016-01-24,2016,1,276,Sunday
754,2016-01-25,2016,1,276,Monday
755,2016-01-26,2016,1,276,Tuesday
756,2016-01-27,2016,1,276,Wednesday
757,2016-01-28,2016,1,276,Thursday
758,2016-01-29,2016,1,276,Friday
759,2016-01-30,2016,1,276,Saturday
760,2016-01-31,2016,1,276,Sunday
761,2016-02-01,2016,2,276,Monday
762,2016-02-02,2016,2,276,Tuesday
763,2016-02-03,2016,2,276,Wednesday
764,2016-02-04,2016,2,276,Thursday
765,2016-02-05,2016,2,276,Friday
766,2016-02-06,2016,2,276,Saturday
767,2016-02-07,2016,2,276,Sunday
768,2016-02-08,2016,2,276,Monday
769,2016-02-09,2016,2,276,Tuesday
770,2016-02-10,2016,2,276,Wednesday
771,2016-02-11,2016,2,276,Thursday
772,2016-02-12,2016,2,276,Friday
773,2016-02-13,2016,2,276,Saturday
774,2016-02-14,2016,2,276,Sunday
775,2016-02-15,2016,2,276,Monday
776,2016-02-16,2016,2,276,Tuesday
777,2016-02-17,2016,2,276,Wednesday
778,2016-02-18,2016,2,276,Thursday
779,2016-02-19,2016,2,276,Friday
780,2016-02-20,2016,2,276,Saturday
781,2016-02-21,2016,2,276,Sunday
782,2016-02-22,2016,2,276,Monday
783,2016-02-23,2016,2,276,Tuesday
784,2016-02-24,2016,2,276,Wednesday
785,2016-02-25,2016,2,276,Thursday
786,2016-02-26,2016,2,276,Friday
787,2016-02-27,2016,2,276,Saturday
788,2016-02-28,2016,2,276,Sunday
789,2016-02-29,2016,2,276,Monday
790,2016-03-01,2016,3,276,Tuesday
791,2016-03-02,2016,3,276,Wednesday
792,2016-03-03,2016,3,276,Thursday
793,2016-03-04,2016,3,276,Friday
794,2016-03-05,2016,3,276,Saturday
795,2016-03-06,2016,3,276,Sunday
796,2016-03-07,2016,3,276,Monday
797,2016-03-08,2016,3,276,Tuesday
798,2016-03-09,2016,3,276,Wednesday
799,2016-03-10,2016,3,276,Thursday
800,2016-03-11,2016,3,276,Friday
801,2016-03-12,2016,3,276,Saturday
802,2016-03-13,2016,3,276,Sunday
803,2016-03-14,2016,3,276,Monday
804,2016-03-15,2016,3,276,Tuesday
805,2016-03-16,2016,3,276,Wednesday
806,2016-03-17,2016,3,276,Thursday
807,2016-03-18,2016,3,276,Friday
808,2016-03-19,2016,3,276,Saturday
809,2016-03-20,2016,3,276,Sunday
810,2016-03-21,2016,3,276,Monday
811,2016-03-22,2016,3,276,Tuesday
812,2016-03-23,2016,3,276,Wednesday
813,2016-03-24,2016,3,276,Thursday
814,2016-03-25,2016,3,276,Friday
815,2016-03-26,2016,3,276,Saturday
816,2016-03-27,2016,3,276,Sunday
817,2016-03-28,2016,3,276,Monday
818,2016-03-29,2016,3,276,Tuesday
819,2016-03-30,2016,3,276,Wednesday
820,2016-03-31,2016,3,276,Thursday
821,2016-04-01,2016,4,276,Friday
822,2016-04-02,2016,4,276,Saturday
823,2016-04-03,2016,4,276,Sunday
824,2016-04-04,2016,4,276,Monday
825,2016-04-05,2016,4,276,Tuesday
826,2016-04-06,2016,4,276,Wednesday
827,2016-04-07,2016,4,276,Thursday
828,2016-04-08,2016,4,276,Friday
829,2016-04-09,2016,4,276,Saturday
830,2016-04-10,2016,4,276,Sunday
831,2016-04-11,2016,4,276,Monday
832,2016-04-12,2016,4,276,Tuesday
833,2016-04-13,2016,4,276,Wednesday
834,2016-04-14,2016,4,276,Thursday
835,2016-04-15,2016,4,276,Friday
836,2016-04-16,2016,4,276,Saturday
837,2016-04-17,2016,4,276,Sunday
838,2016-04-18,2016,4,276,Monday
839,2016-04-19,2016,4,276,Tuesday
840,2016-04-20,2016,4,276,Wednesday
841,2016-04-21,2016,4,276,Thursday
842,2016-04-22,2016,4,276,Friday
843,2016-04-23,2016,4,276,Saturday
844,2016-04-24,2016,4,276,Sunday
845,2016-04-25,2016,4,276,Monday
846,2016-04-26,2016,4,276,Tuesday
847,2016-04-27,2016,4,276,Wednesday
848,2016-04-28,2016,4,276,Thursday
849,2016-04-29,2016,4,276,Friday
850,2016-04-30,2016,4,276,Saturday
851,2016-05-01,2016,5,276,Sunday
852,2016-05-02,2016,5,276,Monday
853,2016-05-03,2016,5,276,Tuesday
854,2016-05-04,2016,5,276,Wednesday
855,2016-05-05,2016,5,276,Thursday
856,2016-05-06,2016,5,276,Friday
857,2016-05-07,2016,5,276,Saturday
858,2016-05-08,2016,5,276,Sunday
859,2016-05-09,2016,5,276,Monday
860,2016-05-10,2016,5,276,Tuesday
861,2016-05-11,2016,5,276,Wednesday
862,2016-05-12,2016,5,276,Thursday
863,2016-05-13,2016,5,276,Friday
864,2016-05-14,2016,5,276,Saturday
865,2016-05-15,2016,5,276,Sunday
866,2016-05-16,2016,5,276,Monday
867,2016-05-17,2016,5,276,Tuesday
868,2016-05-18,2016,5,276,Wednesday
869,2016-05-19,2016,5,276,Thursday
870,2016-05-20,2016,5,276,Friday
871,2016-05-21,2016,5,276,Saturday
872,2016-05-22,2016,5,276,Sunday
873,2016-05-23,2016,5,276,Monday
874,2016-05-24,2016,5,276,Tuesday
875,2016-05-25,2016,5,276,Wednesday
876,2016-05-26,2016,5,276,Thursday
877,2016-05-27,2016,5,276,Friday
878,2016-05-28,2016,5,276,Saturday
879,2016-05-29,2016,5,276,Sunday
880,2016-05-30,2016,5,276,Monday
881,2016-05-31,2016,5,276,Tuesday
882,2016-06-01,2016,6,276,Wednesday
883,2016-06-02,2016,6,276,Thursday
884,2016-06-03,2016,6,276,Friday
885,2016-06-04,2016,6,276,Saturday
886,2016-06-05,2016,6,276,Sunday
887,2016-06-06,2016,6,276,Monday
888,2016-06-07,2016,6,276,Tuesday
889,2016-06-08,2016,6,276,Wednesday
890,2016-06-09,2016,6,276,Thursday
891,2016-06-10,2016,6,276,Friday
892,2016-06-11,2016,6,276,Saturday
893,2016-06-12,2016,6,276,Sunday
894,2016-06-13,2016,6,276,Monday
895,2016-06-14,2016,6,276,Tuesday
896,2016-06-15,2016,6,276,Wednesday
897,2016-06-16,2016,6,276,Thursday
898,2016-06-17,2016,6,276,Friday
899,2016-06-18,2016,6,276,Saturday
900,2016-06-19,2016,6,276,Sunday
901,2016-06-20,2016,6,276,Monday
902,2016-06-21,2016,6,276,Tuesday
903,2016-06-22,2016,6,276,Wednesday
904,2016-06-23,2016,6,276,Thursday
905,2016-06-24,2016,6,276,Friday
906,2016-06-25,2016,6,276,Saturday
907,2016-06-26,2016,6,276,Sunday
908,2016-06-27,2016,6,276,Monday
909,2016-06-28,2016,6,276,Tuesday
910,2016-06-29,2016,6,276,Wednesday
911,2016-06-30,2016,6,276,Thursday
912,2016-07-01,2016,7,276,Friday
913,2016-07-02,2016,7,276,Saturday
914,2016-07-03,2016,7,276,Sunday
915,2016-07-04,2016,7,276,Monday
916,2016-07-05,2016,7,276,Tuesday
917,2016-07-06,2016,7,276,Wednesday
918,2016-07-07,2016,7,276,Thursday
919,2016-07-08,2016,7,276,Friday
920,2016-07-09,2016,7,276,Saturday
921,2016-07-10,2016,7,276,Sunday
922,2016-07-11,2016,7,276,Monday
923,2016-07-12,2016,7,276,Tuesday
924,2016-07-13,2016,7,276,Wednesday
925,2016-07-14,2016,7,276,Thursday
926,2016-07-15,2016,7,276,Friday
927,2016-07-16,2016,7,276,Saturday
928,2016-07-17,2016,7,276,Sunday
929,2016-07-18,2016,7,276,Monday
930,2016-07-19,2016,7,276,Tuesday
931,2016-07-20,2016,7,276,Wednesday
932,2016-07-21,2016,7,276,Thursday
933,2016-07-22,2016,7,276,Friday
934,2016-07-23,2016,7,276,Saturday
935,2016-07-24,2016,7,276,Sunday
936,2016-07-25,2016,7,276,Monday
937,2016-07-26,2016,7,276,Tuesday
938,2016-07-27,2016,7,276,Wednesday
939,2016-07-28,2016,7,276,Thursday
940,2016-07-29,2016,7,276,Friday
941,2016-07-30,2016,7,276,Saturday
942,2016-07-31,2016,7,276,Sunday
943,2016-08-01,2016,8,276,Monday
944,2016-08-02,2016,8,276,Tuesday
945,2016-08-03,2016,8,276,Wednesday
946,2016-08-04,2016,8,276,Thursday
947,2016-08-05,2016,8,276,Friday
948,2016-08-06,2016,8,276,Saturday
949,2016-08-07,2016,8,276,Sunday
950,2016-08-08,2016,8,276,Monday
951,2016-08-09,2016,8,276,Tuesday
952,2016-08-10,2016,8,276,Wednesday
953,2016-08-11,2016,8,276,Thursday
954,2016-08-12,2016,8,276,Friday
955,2016-08-13,2016,8,276,Saturday
956,2016-08-14,2016,8,276,Sunday
957,2016-08-15,2016,8,276,Monday
958,2016-08-16,2016,8,276,Tuesday
959,2016-08-17,2016,8,276,Wednesday
960,2016-08-18,2016,8,276,Thursday
961,2016-08-19,2016,8,276,Friday
962,2016-08-20,2016,8,276,Saturday
963,2016-08-21,2016,8,276,Sunday
964,2016-08-22,2016,8,276,Monday
965,2016-08-23,2016,8,276,Tuesday
966,2016-08-24,2016,8,276,Wednesday
967,2016-08-25,2016,8,276,Thursday
968,2016-08-26,2016,8,276,Friday
969,2016-08-27,2016,8,276,Saturday
970,2016-08-28,2016,8,276,Sunday
971,2016-08-29,2016,8,276,Monday
972,2016-08-30,2016,8,276,Tuesday
973,2016-08-31,2016,8,276,Wednesday
974,2016-09-01,2016,9,276,Thursday
975,2016-09-02,2016,9,276,Friday
976,2016-09-03,2016,9,276,Saturday
977,2016-09-04,2016,9,276,Sunday
978,2016-09-05,2016,9,276,Monday
979,2016-09-06,2016,9,276,Tuesday
980,2016-09-07,2016,9,276,Wednesday
981,2016-09-08,2016,9,276,Thursday
982,2016-09-09,2016,9,276,Friday
983,2016-09-10,2016,9,276,Saturday
984,2016-09-11,2016,9,276,Sunday
985,2016-09-12,2016,9,276,Monday
986,2016-09-13,2016,9,276,Tuesday
987,2016-09-14,2016,9,276,Wednesday
988,2016-09-15,2016,9,276,Thursday
989,2016-09-16,2016,9,276,Friday
990,2016-09-17,2016,9,276,Saturday
991,2016-09-18,2016,9,276,Sunday
992,2016-09-19,2016,9,276,Monday
993,2016-09-20,2016,9,276,Tuesday
994,2016-09-21,2016,9,276,Wednesday
995,2016-09-22,2016,9,276,Thursday
996,2016-09-23,2016,9,276,Friday
997,2016-09-24,2016,9,276,Saturday
998,2016-09-25,2016,9,276,Sunday
999,2016-09-26,2016,9,276,Monday
1000,2016-09-27,2016,9,276,Tuesday
1001,2016-09-28,2016,9,276,Wednesday
1002,2016-09-29,2016,9,276,Thursday
1003,2016-09-30,2016,9,276,Friday
1004,2016-10-01,2016,10,276,Saturday
1005,2016-10-02,2016,10,276,Sunday
1006,2016-10-03,2016,10,276,Monday
1007,2016-10-04,2016,10,276,Tuesday
1008,2016-10-05,2016,10,276,Wednesday
1009,2016-10-06,2016,10,276,Thursday
1010,2016-10-07,2016,10,276,Friday
1011,2016-10-08,2016,10,276,Saturday
1012,2016-10-09,2016,10,276,Sunday
1013,2016-10-10,2016,10,276,Monday
1014,2016-10-11,2016,10,276,Tuesday
1015,2016-10-12,2016,10,276,Wednesday
1016,2016-10-13,2016,10,276,Thursday
1017,2016-10-14,2016,10,276,Friday
1018,2016-10-15,2016,10,276,Saturday
1019,2016-10-16,2016,10,276,Sunday
1020,2016-10-17,2016,10,276,Monday
1021,2016-10-18,2016,10,276,Tuesday
1022,2016-10-19,2016,10,276,Wednesday
1023,2016-10-20,2016,10,276,Thursday
1024,2016-10-21,2016,10,276,Friday
1025,2016-10-22,2016,10,276,Saturday
1026,2016-10-23,2016,10,276,Sunday
1027,2016-10-24,2016,10,276,Monday
1028,2016-10-25,2016,10,276,Tuesday
1029,2016-10-26,2016,10,276,Wednesday
1030,2016-10-27,2016,10,276,Thursday
1031,2016-10-28,2016,10,276,Friday
1032,2016-10-29,2016,10,276,Saturday
1033,2016-10-30,2016,10,276,Sunday
1034,2016-10-31,2016,10,276,Monday
1035,2016-11-01,2016,11,276,Tuesday
1036,2016-11-02,2016,11,276,Wednesday
1037,2016-11-03,2016,11,276,Thursday
1038,2016-11-04,2016,11,276,Friday
1039,2016-11-05,2016,11,276,Saturday
1040,2016-11-06,2016,11,276,Sunday
1041,2016-11-07,2016,11,276,Monday
1042,2016-11-08,2016,11,276,Tuesday
1043,2016-11-09,2016,11,276,Wednesday
1044,2016-11-10,2016,11,276,Thursday
1045,2016-11-11,2016,11,276,Friday
1046,2016-11-12,2016,11,276,Saturday
1047,2016-11-13,2016,11,276,Sunday
1048,2016-11-14,2016,11,276,Monday
1049,2016-11-15,2016,11,276,Tuesday
1050,2016-11-16,2016,11,276,Wednesday
1051,2016-11-17,2016,11,276,Thursday
1052,2016-11-18,2016,11,276,Friday
1053,2016-11-19,2016,11,276,Saturday
1054,2016-11-20,2016,11,276,Sunday
1055,2016-11-21,2016,11,276,Monday
1056,2016-11-22,2016,11,276,Tuesday
1057,2016-11-23,2016,11,276,Wednesday
1058,2016-11-24,2016,11,276,Thursday
1059,2016-11-25,2016,11,276,Friday
1060,2016-11-26,2016,11,276,Saturday
1061,2016-11-27,2016,11,276,Sunday
1062,2016-11-28,2016,11,276,Monday
1063,2016-11-29,2016,11,276,Tuesday
1064,2016-11-30,2016,11,276,Wednesday
1065,2016-12-01,2016,12,276,Thursday
1066,2016-12-02,2016,12,276,Friday
1067,2016-12-03,2016,12,276,Saturday
1068,2016-12-04,2016,12,276,Sunday
1069,2016-12-05,2016,12,276,Monday
1070,2016-12-06,2016,12,276,Tuesday
1071,2016-12-07,2016,12,276,Wednesday
1072,2016-12-08,2016,12,276,Thursday
1073,2016-12-09,2016,12,276,Friday
1074,2016-12-10,2016,12,276,Saturday
1075,2016-12-11,2016,12,276,Sunday
1076,2016-12-12,2016,12,276,Monday
1077,2016-12-13,2016,12,276,Tuesday
1078,2016-12-14,2016,12,276,Wednesday
1079,2016-12-15,2016,12,276,Thursday
1080,2016-12-16,2016,12,276,Friday
1081,2016-12-17,2016,12,276,Saturday
1082,2016-12-18,2016,12,276,Sunday
1083,2016-12-19,2016,12,276,Monday
1084,2016-12-20,2016,12,276,Tuesday
1085,2016-12-21,2016,12,276,Wednesday
1086,2016-12-22,2016,12,276,Thursday
1087,2016-12-23,2016,12,276,Friday
1088,2016-12-24,2016,12,276,Saturday
1089,2016-12-25,2016,12,276,Sunday
1090,2016-12-26,2016,12,276,Monday
1091,2016-12-27,2016,12,276,Tuesday
1092,2016-12-28,2016,12,276,Wednesday
1093,2016-12-29,2016,12,276,Thursday
1094,2016-12-30,2016,12,276,Friday
1095,2016-12-31,2016,12,276,Saturday
1096,2017-01-01,2017,1,276,Sunday
1097,2017-01-02,2017,1,276,Monday
1098,2017-01-03,2017,1,276,Tuesday
1099,2017-01-04,2017,1,276,Wednesday
1100,2017-01-05,2017,1,276,Thursday
1101,2017-01-06,2017,1,276,Friday
1102,2017-01-07,2017,1,276,Saturday
1103,2017-01-08,2017,1,276,Sunday
1104,2017-01-09,2017,1,276,Monday
1105,2017-01-10,2017,1,276,Tuesday
1106,2017-01-11,2017,1,276,Wednesday
1107,2017-01-12,2017,1,276,Thursday
1108,2017-01-13,2017,1,276,Friday
1109,2017-01-14,2017,1,276,Saturday
1110,2017-01-15,2017,1,276,Sunday
1111,2017-01-16,2017,1,276,Monday
1112,2017-01-17,2017,1,276,Tuesday
1113,2017-01-18,2017,1,276,Wednesday
1114,2017-01-19,2017,1,276,Thursday
1115,2017-01-20,2017,1,276,Friday
1116,2017-01-21,2017,1,276,Saturday
1117,2017-01-22,2017,1,276,Sunday
1118,2017-01-23,2017,1,276,Monday
1119,2017-01-24,2017,1,276,Tuesday
1120,2017-01-25,2017,1,276,Wednesday
1121,2017-01-26,2017,1,276,Thursday
1122,2017-01-27,2017,1,276,Friday
1123,2017-01-28,2017,1,276,Saturday
1124,2017-01-29,2017,1,276,Sunday
1125,2017-01-30,2017,1,276,Monday
1126,2017-01-31,2017,1,276,Tuesday
1127,2017-02-01,2017,2,276,Wednesday
1128,2017-02-02,2017,2,276,Thursday
1129,2017-02-03,2017,2,276,Friday
1130,2017-02-04,2017,2,276,Saturday
1131,2017-02-05,2017,2,276,Sunday
1132,2017-02-06,2017,2,276,Monday
1133,2017-02-07,2017,2,276,Tuesday
1134,2017-02-08,2017,2,276,Wednesday
1135,2017-02-09,2017,2,276,Thursday
1136,2017-02-10,2017,2,276,Friday
1137,2017-02-11,2017,2,276,Saturday
1138,2017-02-12,2017,2,276,Sunday
1139,2017-02-13,2017,2,276,Monday
1140,2017-02-14,2017,2,276,Tuesday
1141,2017-02-15,2017,2,276,Wednesday
1142,2017-02-16,2017,2,276,Thursday
1143,2017-02-17,2017,2,276,Friday
1144,2017-02-18,2017,2,276,Saturday
1145,2017-02-19,2017,2,276,Sunday
1146,2017-02-20,2017,2,276,Monday
1147,2017-02-21,2017,2,276,Tuesday
1148,2017-02-22,2017,2,276,Wednesday
1149,2017-02-23,2017,2,276,Thursday
1150,2017-02-24,2017,2,276,Friday
1151,2017-02-25,2017,2,276,Saturday
1152,2017-02-26,2017,2,276,Sunday
1153,2017-02-27,2017,2,276,Monday
1154,2017-02-28,2017,2,276,Tuesday
1155,2017-03-01,2017,3,276,Wednesday
1156,2017-03-02,2017,3,276,Thursday
1157,2017-03-03,2017,3,276,Friday
1158,2017-03-04,2017,3,276,Saturday
1159,2017-03-05,2017,3,276,Sunday
1160,2017-03-06,2017,3,276,Monday
1161,2017-03-07,2017,3,276,Tuesday
1162,2017-03-08,2017,3,276,Wednesday
1163,2017-03-09,2017,3,276,Thursday
1164,2017-03-10,2017,3,276,Friday
1165,2017-03-11,2017,3,276,Saturday
1166,2017-03-12,2017,3,276,Sunday
1167,2017-03-13,2017,3,276,Monday
1168,2017-03-14,2017,3,276,Tuesday
1169,2017-03-15,2017,3,276,Wednesday
1170,2017-03-16,2017,3,276,Thursday
1171,2017-03-17,2017,3,276,Friday
1172,2017-03-18,2017,3,276,Saturday
1173,2017-03-19,2017,3,276,Sunday
1174,2017-03-20,2017,3,276,Monday
1175,2017-03-21,2017,3,276,Tuesday
1176,2017-03-22,2017,3,276,Wednesday
1177,2017-03-23,2017,3,276,Thursday
1178,2017-03-24,2017,3,276,Friday
1179,2017-03-25,2017,3,276,Saturday
1180,2017-03-26,2017,3,276,Sunday
1181,2017-03-27,2017,3,276,Monday
1182,2017-03-28,2017,3,276,Tuesday
1183,2017-03-29,2017,3,276,Wednesday
1184,2017-03-30,2017,3,276,Thursday
1185,2017-03-31,2017,3,276,Friday
1186,2017-04-01,2017,4,276,Saturday
1187,2017-04-02,2017,4,276,Sunday
1188,2017-04-03,2017,4,276,Monday
1189,2017-04-04,2017,4,276,Tuesday
1190,2017-04-05,2017,4,276,Wednesday
1191,2017-04-06,2017,4,276,Thursday
1192,2017-04-07,2017,4,276,Friday
1193,2017-04-08,2017,4,276,Saturday
1194,2017-04-09,2017,4,276,Sunday
1195,2017-04-10,2017,4,276,Monday
1196,2017-04-11,2017,4,276,Tuesday
1197,2017-04-12,2017,4,276,Wednesday
1198,2017-04-13,2017,4,276,Thursday
1199,2017-04-14,2017,4,276,Friday
1200,2017-04-15,2017,4,276,Saturday
1201,2017-04-16,2017,4,276,Sunday
1202,2017-04-17,2017,4,276,Monday
1203,2017-04-18,2017,4,276,Tuesday
1204,2017-04-19,2017,4,276,Wednesday
1205,2017-04-20,2017,4,276,Thursday
1206,2017-04-21,2017,4,276,Friday
1207,2017-04-22,2017,4,276,Saturday
1208,2017-04-23,2017,4,276,Sunday
1209,2017-04-24,2017,4,276,Monday
1210,2017-04-25,2017,4,276,Tuesday
1211,2017-04-26,2017,4,276,Wednesday
1212,2017-04-27,2017,4,276,Thursday
1213,2017-04-28,2017,4,276,Friday
1214,2017-04-29,2017,4,276,Saturday
1215,2017-04-30,2017,4,276,Sunday
1216,2017-05-01,2017,5,276,Monday
1217,2017-05-02,2017,5,276,Tuesday
1218,2017-05-03,2017,5,276,Wednesday
1219,2017-05-04,2017,5,276,Thursday
1220,2017-05-05,2017,5,276,Friday
1221,2017-05-06,2017,5,276,Saturday
1222,2017-05-07,2017,5,276,Sunday
1223,2017-05-08,2017,5,276,Monday
1224,2017-05-09,2017,5,276,Tuesday
1225,2017-05-10,2017,5,276,Wednesday
1226,2017-05-11,2017,5,276,Thursday
1227,2017-05-12,2017,5,276,Friday
1228,2017-05-13,2017,5,276,Saturday
1229,2017-05-14,2017,5,276,Sunday
1230,2017-05-15,2017,5,276,Monday
1231,2017-05-16,2017,5,276,Tuesday
1232,2017-05-17,2017,5,276,Wednesday
1233,2017-05-18,2017,5,276,Thursday
1234,2017-05-19,2017,5,276,Friday
1235,2017-05-20,2017,5,276,Saturday
1236,2017-05-21,2017,5,276,Sunday
1237,2017-05-22,2017,5,276,Monday
1238,2017-05-23,2017,5,276,Tuesday
1239,2017-05-24,2017,5,276,Wednesday
1240,2017-05-25,2017,5,276,Thursday
1241,2017-05-26,2017,5,276,Friday
1242,2017-05-27,2017,5,276,Saturday
1243,2017-05-28,2017,5,276,Sunday
1244,2017-05-29,2017,5,276,Monday
1245,2017-05-30,2017,5,276,Tuesday
1246,2017-05-31,2017,5,276,Wednesday
1247,2017-06-01,2017,6,276,Thursday
1248,2017-06-02,2017,6,276,Friday
1249,2017-06-03,2017,6,276,Saturday
1250,2017-06-04,2017,6,276,Sunday
1251,2017-06-05,2017,6,276,Monday
1252,2017-06-06,2017,6,276,Tuesday
1253,2017-06-07,2017,6,276,Wednesday
1254,2017-06-08,2017,6,276,Thursday
1255,2017-06-09,2017,6,276,Friday
1256,2017-06-10,2017,6,276,Saturday
1257,2017-06-11,2017,6,276,Sunday
1258,2017-06-12,2017,6,276,Monday
1259,2017-06-13,2017,6,276,Tuesday
1260,2017-06-14,2017,6,276,Wednesday
1261,2017-06-15,2017,6,276,Thursday
1262,2017-06-16,2017,6,276,Friday
1263,2017-06-17,2017,6,276,Saturday
1264,2017-06-18,2017,6,276,Sunday
1265,2017-06-19,2017,6,276,Monday
1266,2017-06-20,2017,6,276,Tuesday
1267,2017-06-21,2017,6,276,Wednesday
1268,2017-06-22,2017,6,276,Thursday
1269,2017-06-23,2017,6,276,Friday
1270,2017-06-24,2017,6,276,Saturday
1271,2017-06-25,2017,6,276,Sunday
1272,2017-06-26,2017,6,276,Monday
1273,2017-06-27,2017,6,276,Tuesday
1274,2017-06-28,2017,6,276,Wednesday
1275,2017-06-29,2017,6,276,Thursday
1276,2017-06-30,2017,6,276,Friday
1277,2017-07-01,2017,7,276,Saturday
1278,2017-07-02,2017,7,276,Sunday
1279,2017-07-03,2017,7,276,Monday
1280,2017-07-04,2017,7,276,Tuesday
1281,2017-07-05,2017,7,276,Wednesday
1282,2017-07-06,2017,7,276,Thursday
1283,2017-07-07,2017,7,276,Friday
1284,2017-07-08,2017,7,276,Saturday
1285,2017-07-09,2017,7,276,Sunday
1286,2017-07-10,2017,7,276,Monday
1287,2017-07-11,2017,7,276,Tuesday
1288,2017-07-12,2017,7,276,Wednesday
1289,2017-07-13,2017,7,276,Thursday
1290,2017-07-14,2017,7,276,Friday
1291,2017-07-15,2017,7,276,Saturday
1292,2017-07-16,2017,7,276,Sunday
1293,2017-07-17,2017,7,276,Monday
1294,2017-07-18,2017,7,276,Tuesday
1295,2017-07-19,2017,7,276,Wednesday
1296,2017-07-20,2017,7,276,Thursday
1297,2017-07-21,2017,7,276,Friday
1298,2017-07-22,2017,7,276,Saturday
1299,2017-07-23,2017,7,276,Sunday
1300,2017-07-24,2017,7,276,Monday
1301,2017-07-25,2017,7,276,Tuesday
1302,2017-07-26,2017,7,276,Wednesday
1303,2017-07-27,2017,7,276,Thursday
1304,2017-07-28,2017,7,276,Friday
1305,2017-07-29,2017,7,276,Saturday
1306,2017-07-30,2017,7,276,Sunday
1307,2017-07-31,2017,7,276,Monday
1308,2017-08-01,2017,8,276,Tuesday
1309,2017-08-02,2017,8,276,Wednesday
1310,2017-08-03,2017,8,276,Thursday
1311,2017-08-04,2017,8,276,Friday
1312,2017-08-05,2017,8,276,Saturday
1313,2017-08-06,2017,8,276,Sunday
1314,2017-08-07,2017,8,276,Monday
1315,2017-08-08,2017,8,276,Tuesday
1316,2017-08-09,2017,8,276,Wednesday
1317,2017-08-10,2017,8,276,Thursday
1318,2017-08-11,2017,8,276,Friday
1319,2017-08-12,2017,8,276,Saturday
1320,2017-08-13,2017,8,276,Sunday
1321,2017-08-14,2017,8,276,Monday
1322,2017-08-15,2017,8,276,Tuesday
1323,2017-08-16,2017,8,276,Wednesday
1324,2017-08-17,2017,8,276,Thursday
1325,2017-08-18,2017,8,276,Friday
1326,2017-08-19,2017,8,276,Saturday
1327,2017-08-20,2017,8,276,Sunday
1328,2017-08-21,2017,8,276,Monday
1329,2017-08-22,2017,8,276,Tuesday
1330,2017-08-23,2017,8,276,Wednesday
1331,2017-08-24,2017,8,276,Thursday
1332,2017-08-25,2017,8,276,Friday
1333,2017-08-26,2017,8,276,Saturday
1334,2017-08-27,2017,8,276,Sunday
1335,2017-08-28,2017,8,276,Monday
1336,2017-08-29,2017,8,276,Tuesday
1337,2017-08-30,2017,8,276,Wednesday
1338,2017-08-31,2017,8,276,Thursday
1339,2017-09-01,2017,9,276,Friday
1340,2017-09-02,2017,9,276,Saturday
1341,2017-09-03,2017,9,276,Sunday
1342,2017-09-04,2017,9,276,Monday
1343,2017-09-05,2017,9,276,Tuesday
1344,2017-09-06,2017,9,276,Wednesday
1345,2017-09-07,2017,9,276,Thursday
1346,2017-09-08,2017,9,276,Friday
1347,2017-09-09,2017,9,276,Saturday
1348,2017-09-10,2017,9,276,Sunday
1349,2017-09-11,2017,9,276,Monday
1350,2017-09-12,2017,9,276,Tuesday
1351,2017-09-13,2017,9,276,Wednesday
1352,2017-09-14,2017,9,276,Thursday
1353,2017-09-15,2017,9,276,Friday
1354,2017-09-16,2017,9,276,Saturday
1355,2017-09-17,2017,9,276,Sunday
1356,2017-09-18,2017,9,276,Monday
1357,2017-09-19,2017,9,276,Tuesday
1358,2017-09-20,2017,9,276,Wednesday
1359,2017-09-21,2017,9,276,Thursday
1360,2017-09-22,2017,9,276,Friday
1361,2017-09-23,2017,9,276,Saturday
1362,2017-09-24,2017,9,276,Sunday
1363,2017-09-25,2017,9,276,Monday
1364,2017-09-26,2017,9,276,Tuesday
1365,2017-09-27,2017,9,276,Wednesday
1366,2017-09-28,2017,9,276,Thursday
1367,2017-09-29,2017,9,276,Friday
1368,2017-09-30,2017,9,276,Saturday
1369,2017-10-01,2017,10,276,Sunday
1370,2017-10-02,2017,10,276,Monday
1371,2017-10-03,2017,10,276,Tuesday
1372,2017-10-04,2017,10,276,Wednesday
1373,2017-10-05,2017,10,276,Thursday
1374,2017-10-06,2017,10,276,Friday
1375,2017-10-07,2017,10,276,Saturday
1376,2017-10-08,2017,10,276,Sunday
1377,2017-10-09,2017,10,276,Monday
1378,2017-10-10,2017,10,276,Tuesday
1379,2017-10-11,2017,10,276,Wednesday
1380,2017-10-12,2017,10,276,Thursday
1381,2017-10-13,2017,10,276,Friday
1382,2017-10-14,2017,10,276,Saturday
1383,2017-10-15,2017,10,276,Sunday
1384,2017-10-16,2017,10,276,Monday
1385,2017-10-17,2017,10,276,Tuesday
1386,2017-10-18,2017,10,276,Wednesday
1387,2017-10-19,2017,10,276,Thursday
1388,2017-10-20,2017,10,276,Friday
1389,2017-10-21,2017,10,276,Saturday
1390,2017-10-22,2017,10,276,Sunday
1391,2017-10-23,2017,10,276,Monday
1392,2017-10-24,2017,10,276,Tuesday
1393,2017-10-25,2017,10,276,Wednesday
1394,2017-10-26,2017,10,276,Thursday
1395,2017-10-27,2017,10,276,Friday
1396,2017-10-28,2017,10,276,Saturday
1397,2017-10-29,2017,10,276,Sunday
1398,2017-10-30,2017,10,276,Monday
1399,2017-10-31,2017,10,276,Tuesday
1400,2017-11-01,2017,11,276,Wednesday
1401,2017-11-02,2017,11,276,Thursday
1402,2017-11-03,2017,11,276,Friday
1403,2017-11-04,2017,11,276,Saturday
1404,2017-11-05,2017,11,276,Sunday
1405,2017-11-06,2017,11,276,Monday
1406,2017-11-07,2017,11,276,Tuesday
1407,2017-11-08,2017,11,276,Wednesday
1408,2017-11-09,2017,11,276,Thursday
1409,2017-11-10,2017,11,276,Friday
1410,2017-11-11,2017,11,276,Saturday
1411,2017-11-12,2017,11,276,Sunday
1412,2017-11-13,2017,11,276,Monday
1413,2017-11-14,2017,11,276,Tuesday
1414,2017-11-15,2017,11,276,Wednesday
1415,2017-11-16,2017,11,276,Thursday
1416,2017-11-17,2017,11,276,Friday
1417,2017-11-18,2017,11,276,Saturday
1418,2017-11-19,2017,11,276,Sunday
1419,2017-11-20,2017,11,276,Monday
1420,2017-11-21,2017,11,276,Tuesday
1421,2017-11-22,2017,11,276,Wednesday
1422,2017-11-23,2017,11,276,Thursday
1423,2017-11-24,2017,11,276,Friday
1424,2017-11-25,2017,11,276,Saturday
1425,2017-11-26,2017,11,276,Sunday
1426,2017-11-27,2017,11,276,Monday
1427,2017-11-28,2017,11,276,Tuesday
1428,2017-11-29,2017,11,276,Wednesday
1429,2017-11-30,2017,11,276,Thursday
1430,2017-12-01,2017,12,276,Friday
1431,2017-12-02,2017,12,276,Saturday
1432,2017-12-03,2017,12,276,Sunday
1433,2017-12-04,2017,12,276,Monday
1434,2017-12-05,2017,12,276,Tuesday
1435,2017-12-06,2017,12,276,Wednesday
1436,2017-12-07,2017,12,276,Thursday
1437,2017-12-08,2017,12,276,Friday
1438,2017-12-09,2017,12,276,Saturday
1439,2017-12-10,2017,12,276,Sunday
1440,2017-12-11,2017,12,276,Monday
1441,2017-12-12,2017,12,276,Tuesday
1442,2017-12-13,2017,12,276,Wednesday
1443,2017-12-14,2017,12,276,Thursday
1444,2017-12-15,2017,12,276,Friday
1445,2017-12-16,2017,12,276,Saturday
1446,2017-12-17,2017,12,276,Sunday
1447,2017-12-18,2017,12,276,Monday
1448,2017-12-19,2017,12,276,Tuesday
1449,2017-12-20,2017,12,276,Wednesday
1450,2017-12-21,2017,12,276,Thursday
1451,2017-12-22,2017,12,276,Friday
1452,2017-12-23,2017,12,276,Saturday
1453,2017-12-24,2017,12,276,Sunday
1454,2017-12-25,2017,12,276,Monday
1455,2017-12-26,2017,12,276,Tuesday
1456,2017-12-27,2017,12,276,Wednesday
1457,2017-12-28,2017,12,276,Thursday
1458,2017-12-29,2017,12,276,Friday
1459,2017-12-30,2017,12,276,Saturday
1460,2017-12-31,2017,12,276,Sunday
1461,2018-01-01,2018,1,276,Monday
1462,2018-01-02,2018,1,276,Tuesday
1463,2018-01-03,2018,1,276,Wednesday
1464,2018-01-04,2018,1,276,Thursday
1465,2018-01-05,2018,1,276,Friday
1466,2018-01-06,2018,1,276,Saturday
1467,2018-01-07,2018,1,276,Sunday
1468,2018-01-08,2018,1,276,Monday
1469,2018-01-09,2018,1,276,Tuesday
1470,2018-01-10,2018,1,276,Wednesday
1471,2018-01-11,2018,1,276,Thursday
1472,2018-01-12,2018,1,276,Friday
1473,2018-01-13,2018,1,276,Saturday
1474,2018-01-14,2018,1,276,Sunday
1475,2018-01-15,2018,1,276,Monday
1476,2018-01-16,2018,1,276,Tuesday
1477,2018-01-17,2018,1,276,Wednesday
1478,2018-01-18,2018,1,276,Thursday
1479,2018-01-19,2018,1,276,Friday
1480,2018-01-20,2018,1,276,Saturday
1481,2018-01-21,2018,1,276,Sunday
1482,2018-01-22,2018,1,276,Monday
1483,2018-01-23,2018,1,276,Tuesday
1484,2018-01-24,2018,1,276,Wednesday
1485,2018-01-25,2018,1,276,Thursday
1486,2018-01-26,2018,1,276,Friday
1487,2018-01-27,2018,1,276,Saturday
1488,2018-01-28,2018,1,276,Sunday
1489,2018-01-29,2018,1,276,Monday
1490,2018-01-30,2018,1,276,Tuesday
1491,2018-01-31,2018,1,276,Wednesday
1492,2018-02-01,2018,2,276,Thursday
1493,2018-02-02,2018,2,276,Friday
1494,2018-02-03,2018,2,276,Saturday
1495,2018-02-04,2018,2,276,Sunday
1496,2018-02-05,2018,2,276,Monday
1497,2018-02-06,2018,2,276,Tuesday
1498,2018-02-07,2018,2,276,Wednesday
1499,2018-02-08,2018,2,276,Thursday
1500,2018-02-09,2018,2,276,Friday
1501,2018-02-10,2018,2,276,Saturday
1502,2018-02-11,2018,2,276,Sunday
1503,2018-02-12,2018,2,276,Monday
1504,2018-02-13,2018,2,276,Tuesday
1505,2018-02-14,2018,2,276,Wednesday
1506,2018-02-15,2018,2,276,Thursday
1507,2018-02-16,2018,2,276,Friday
1508,2018-02-17,2018,2,276,Saturday
1509,2018-02-18,2018,2,276,Sunday
1510,2018-02-19,2018,2,276,Monday
1511,2018-02-20,2018,2,276,Tuesday
1512,2018-02-21,2018,2,276,Wednesday
1513,2018-02-22,2018,2,276,Thursday
1514,2018-02-23,2018,2,276,Friday
1515,2018-02-24,2018,2,276,Saturday
1516,2018-02-25,2018,2,276,Sunday
1517,2018-02-26,2018,2,276,Monday
1518,2018-02-27,2018,2,276,Tuesday
1519,2018-02-28,2018,2,276,Wednesday
1520,2018-03-01,2018,3,276,Thursday
1521,2018-03-02,2018,3,276,Friday
1522,2018-03-03,2018,3,276,Saturday
1523,2018-03-04,2018,3,276,Sunday
1524,2018-03-05,2018,3,276,Monday
1525,2018-03-06,2018,3,276,Tuesday
1526,2018-03-07,2018,3,276,Wednesday
1527,2018-03-08,2018,3,276,Thursday
1528,2018-03-09,2018,3,276,Friday
1529,2018-03-10,2018,3,276,Saturday
1530,2018-03-11,2018,3,276,Sunday
1531,2018-03-12,2018,3,276,Monday
1532,2018-03-13,2018,3,276,Tuesday
1533,2018-03-14,2018,3,276,Wednesday
1534,2018-03-15,2018,3,276,Thursday
1535,2018-03-16,2018,3,276,Friday
1536,2018-03-17,2018,3,276,Saturday
1537,2018-03-18,2018,3,276,Sunday
1538,2018-03-19,2018,3,276,Monday
1539,2018-03-20,2018,3,276,Tuesday
1540,2018-03-21,2018,3,276,Wednesday
1541,2018-03-22,2018,3,276,Thursday
1542,2018-03-23,2018,3,276,Friday
1543,2018-03-24,2018,3,276,Saturday
1544,2018-03-25,2018,3,276,Sunday
1545,2018-03-26,2018,3,276,Monday
1546,2018-03-27,2018,3,276,Tuesday
1547,2018-03-28,2018,3,276,Wednesday
1548,2018-03-29,2018,3,276,Thursday
1549,2018-03-30,2018,3,276,Friday
1550,2018-03-31,2018,3,276,Saturday
1551,2018-04-01,2018,4,276,Sunday
1552,2018-04-02,2018,4,276,Monday
1553,2018-04-03,2018,4,276,Tuesday
1554,2018-04-04,2018,4,276,Wednesday
1555,2018-04-05,2018,4,276,Thursday
1556,2018-04-06,2018,4,276,Friday
1557,2018-04-07,2018,4,276,Saturday
1558,2018-04-08,2018,4,276,Sunday
1559,2018-04-09,2018,4,276,Monday
1560,2018-04-10,2018,4,276,Tuesday
1561,2018-04-11,2018,4,276,Wednesday
1562,2018-04-12,2018,4,276,Thursday
1563,2018-04-13,2018,4,276,Friday
1564,2018-04-14,2018,4,276,Saturday
1565,2018-04-15,2018,4,276,Sunday
1566,2018-04-16,2018,4,276,Monday
1567,2018-04-17,2018,4,276,Tuesday
1568,2018-04-18,2018,4,276,Wednesday
1569,2018-04-19,2018,4,276,Thursday
1570,2018-04-20,2018,4,276,Friday
1571,2018-04-21,2018,4,276,Saturday
1572,2018-04-22,2018,4,276,Sunday
1573,2018-04-23,2018,4,276,Monday
1574,2018-04-24,2018,4,276,Tuesday
1575,2018-04-25,2018,4,276,Wednesday
1576,2018-04-26,2018,4,276,Thursday
1577,2018-04-27,2018,4,276,Friday
1578,2018-04-28,2018,4,276,Saturday
1579,2018-04-29,2018,4,276,Sunday
1580,2018-04-30,2018,4,276,Monday
1581,2018-05-01,2018,5,276,Tuesday
1582,2018-05-02,2018,5,276,Wednesday
1583,2018-05-03,2018,5,276,Thursday
1584,2018-05-04,2018,5,276,Friday
1585,2018-05-05,2018,5,276,Saturday
1586,2018-05-06,2018,5,276,Sunday
1587,2018-05-07,2018,5,276,Monday
1588,2018-05-08,2018,5,276,Tuesday
1589,2018-05-09,2018,5,276,Wednesday
1590,2018-05-10,2018,5,276,Thursday
1591,2018-05-11,2018,5,276,Friday
1592,2018-05-12,2018,5,276,Saturday
1593,2018-05-13,2018,5,276,Sunday
1594,2018-05-14,2018,5,276,Monday
1595,2018-05-15,2018,5,276,Tuesday
1596,2018-05-16,2018,5,276,Wednesday
1597,2018-05-17,2018,5,276,Thursday
1598,2018-05-18,2018,5,276,Friday
1599,2018-05-19,2018,5,276,Saturday
1600,2018-05-20,2018,5,276,Sunday
1601,2018-05-21,2018,5,276,Monday
1602,2018-05-22,2018,5,276,Tuesday
1603,2018-05-23,2018,5,276,Wednesday
1604,2018-05-24,2018,5,276,Thursday
1605,2018-05-25,2018,5,276,Friday
1606,2018-05-26,2018,5,276,Saturday
1607,2018-05-27,2018,5,276,Sunday
1608,2018-05-28,2018,5,276,Monday
1609,2018-05-29,2018,5,276,Tuesday
1610,2018-05-30,2018,5,276,Wednesday
1611,2018-05-31,2018,5,276,Thursday
1612,2018-06-01,2018,6,276,Friday
1613,2018-06-02,2018,6,276,Saturday
1614,2018-06-03,2018,6,276,Sunday
1615,2018-06-04,2018,6,276,Monday
1616,2018-06-05,2018,6,276,Tuesday
1617,2018-06-06,2018,6,276,Wednesday
1618,2018-06-07,2018,6,276,Thursday
1619,2018-06-08,2018,6,276,Friday
1620,2018-06-09,2018,6,276,Saturday
1621,2018-06-10,2018,6,276,Sunday
1622,2018-06-11,2018,6,276,Monday
1623,2018-06-12,2018,6,276,Tuesday
1624,2018-06-13,2018,6,276,Wednesday
1625,2018-06-14,2018,6,276,Thursday
1626,2018-06-15,2018,6,276,Friday
1627,2018-06-16,2018,6,276,Saturday
1628,2018-06-17,2018,6,276,Sunday
1629,2018-06-18,2018,6,276,Monday
1630,2018-06-19,2018,6,276,Tuesday
1631,2018-06-20,2018,6,276,Wednesday
1632,2018-06-21,2018,6,276,Thursday
1633,2018-06-22,2018,6,276,Friday
1634,2018-06-23,2018,6,276,Saturday
1635,2018-06-24,2018,6,276,Sunday
1636,2018-06-25,2018,6,276,Monday
1637,2018-06-26,2018,6,276,Tuesday
1638,2018-06-27,2018,6,276,Wednesday
1639,2018-06-28,2018,6,276,Thursday
1640,2018-06-29,2018,6,276,Friday
1641,2018-06-30,2018,6,276,Saturday
1642,2018-07-01,2018,7,276,Sunday
1643,2018-07-02,2018,7,276,Monday
1644,2018-07-03,2018,7,276,Tuesday
1645,2018-07-04,2018,7,276,Wednesday
1646,2018-07-05,2018,7,276,Thursday
1647,2018-07-06,2018,7,276,Friday
1648,2018-07-07,2018,7,276,Saturday
1649,2018-07-08,2018,7,276,Sunday
1650,2018-07-09,2018,7,276,Monday
1651,2018-07-10,2018,7,276,Tuesday
1652,2018-07-11,2018,7,276,Wednesday
1653,2018-07-12,2018,7,276,Thursday
1654,2018-07-13,2018,7,276,Friday
1655,2018-07-14,2018,7,276,Saturday
1656,2018-07-15,2018,7,276,Sunday
1657,2018-07-16,2018,7,276,Monday
1658,2018-07-17,2018,7,276,Tuesday
1659,2018-07-18,2018,7,276,Wednesday
1660,2018-07-19,2018,7,276,Thursday
1661,2018-07-20,2018,7,276,Friday
1662,2018-07-21,2018,7,276,Saturday
1663,2018-07-22,2018,7,276,Sunday
1664,2018-07-23,2018,7,276,Monday
1665,2018-07-24,2018,7,276,Tuesday
1666,2018-07-25,2018,7,276,Wednesday
1667,2018-07-26,2018,7,276,Thursday
1668,2018-07-27,2018,7,276,Friday
1669,2018-07-28,2018,7,276,Saturday
1670,2018-07-29,2018,7,276,Sunday
1671,2018-07-30,2018,7,276,Monday
1672,2018-07-31,2018,7,276,Tuesday
1673,2018-08-01,2018,8,276,Wednesday
1674,2018-08-02,2018,8,276,Thursday
1675,2018-08-03,2018,8,276,Friday
1676,2018-08-04,2018,8,276,Saturday
1677,2018-08-05,2018,8,276,Sunday
1678,2018-08-06,2018,8,276,Monday
1679,2018-08-07,2018,8,276,Tuesday
1680,2018-08-08,2018,8,276,Wednesday
1681,2018-08-09,2018,8,276,Thursday
1682,2018-08-10,2018,8,276,Friday
1683,2018-08-11,2018,8,276,Saturday
1684,2018-08-12,2018,8,276,Sunday
1685,2018-08-13,2018,8,276,Monday
1686,2018-08-14,2018,8,276,Tuesday
1687,2018-08-15,2018,8,276,Wednesday
1688,2018-08-16,2018,8,276,Thursday
1689,2018-08-17,2018,8,276,Friday
1690,2018-08-18,2018,8,276,Saturday
1691,2018-08-19,2018,8,276,Sunday
1692,2018-08-20,2018,8,276,Monday
1693,2018-08-21,2018,8,276,Tuesday
1694,2018-08-22,2018,8,276,Wednesday
1695,2018-08-23,2018,8,276,Thursday
1696,2018-08-24,2018,8,276,Friday
1697,2018-08-25,2018,8,276,Saturday
1698,2018-08-26,2018,8,276,Sunday
1699,2018-08-27,2018,8,276,Monday
1700,2018-08-28,2018,8,276,Tuesday
1701,2018-08-29,2018,8,276,Wednesday
1702,2018-08-30,2018,8,276,Thursday
1703,2018-08-31,2018,8,276,Friday
1704,2018-09-01,2018,9,276,Saturday
1705,2018-09-02,2018,9,276,Sunday
1706,2018-09-03,2018,9,276,Monday
1707,2018-09-04,2018,9,276,Tuesday
1708,2018-09-05,2018,9,276,Wednesday
1709,2018-09-06,2018,9,276,Thursday
1710,2018-09-07,2018,9,276,Friday
1711,2018-09-08,2018,9,276,Saturday
1712,2018-09-09,2018,9,276,Sunday
1713,2018-09-10,2018,9,276,Monday
1714,2018-09-11,2018,9,276,Tuesday
1715,2018-09-12,2018,9,276,Wednesday
1716,2018-09-13,2018,9,276,Thursday
1717,2018-09-14,2018,9,276,Friday
1718,2018-09-15,2018,9,276,Saturday
1719,2018-09-16,2018,9,276,Sunday
1720,2018-09-17,2018,9,276,Monday
1721,2018-09-18,2018,9,276,Tuesday
1722,2018-09-19,2018,9,276,Wednesday
1723,2018-09-20,2018,9,276,Thursday
1724,2018-09-21,2018,9,276,Friday
1725,2018-09-22,2018,9,276,Saturday
1726,2018-09-23,2018,9,276,Sunday
1727,2018-09-24,2018,9,276,Monday
1728,2018-09-25,2018,9,276,Tuesday
1729,2018-09-26,2018,9,276,Wednesday
1730,2018-09-27,2018,9,276,Thursday
1731,2018-09-28,2018,9,276,Friday
1732,2018-09-29,2018,9,276,Saturday
1733,2018-09-30,2018,9,276,Sunday
1734,2018-10-01,2018,10,276,Monday
1735,2018-10-02,2018,10,276,Tuesday
1736,2018-10-03,2018,10,276,Wednesday
1737,2018-10-04,2018,10,276,Thursday
1738,2018-10-05,2018,10,276,Friday
1739,2018-10-06,2018,10,276,Saturday
1740,2018-10-07,2018,10,276,Sunday
1741,2018-10-08,2018,10,276,Monday
1742,2018-10-09,2018,10,276,Tuesday
1743,2018-10-10,2018,10,276,Wednesday
1744,2018-10-11,2018,10,276,Thursday
1745,2018-10-12,2018,10,276,Friday
1746,2018-10-13,2018,10,276,Saturday
1747,2018-10-14,2018,10,276,Sunday
1748,2018-10-15,2018,10,276,Monday
1749,2018-10-16,2018,10,276,Tuesday
1750,2018-10-17,2018,10,276,Wednesday
1751,2018-10-18,2018,10,276,Thursday
1752,2018-10-19,2018,10,276,Friday
1753,2018-10-20,2018,10,276,Saturday
1754,2018-10-21,2018,10,276,Sunday
1755,2018-10-22,2018,10,276,Monday
1756,2018-10-23,2018,10,276,Tuesday
1757,2018-10-24,2018,10,276,Wednesday
1758,2018-10-25,2018,10,276,Thursday
1759,2018-10-26,2018,10,276,Friday
1760,2018-10-27,2018,10,276,Saturday
1761,2018-10-28,2018,10,276,Sunday
1762,2018-10-29,2018,10,276,Monday
1763,2018-10-30,2018,10,276,Tuesday
1764,2018-10-31,2018,10,276,Wednesday
1765,2018-11-01,2018,11,276,Thursday
1766,2018-11-02,2018,11,276,Friday
1767,2018-11-03,2018,11,276,Saturday
1768,2018-11-04,2018,11,276,Sunday
1769,2018-11-05,2018,11,276,Monday
1770,2018-11-06,2018,11,276,Tuesday
1771,2018-11-07,2018,11,276,Wednesday
1772,2018-11-08,2018,11,276,Thursday
1773,2018-11-09,2018,11,276,Friday
1774,2018-11-10,2018,11,276,Saturday
1775,2018-11-11,2018,11,276,Sunday
1776,2018-11-12,2018,11,276,Monday
1777,2018-11-13,2018,11,276,Tuesday
1778,2018-11-14,2018,11,276,Wednesday
1779,2018-11-15,2018,11,276,Thursday
1780,2018-11-16,2018,11,276,Friday
1781,2018-11-17,2018,11,276,Saturday
1782,2018-11-18,2018,11,276,Sunday
1783,2018-11-19,2018,11,276,Monday
1784,2018-11-20,2018,11,276,Tuesday
1785,2018-11-21,2018,11,276,Wednesday
1786,2018-11-22,2018,11,276,Thursday
1787,2018-11-23,2018,11,276,Friday
1788,2018-11-24,2018,11,276,Saturday
1789,2018-11-25,2018,11,276,Sunday
1790,2018-11-26,2018,11,276,Monday
1791,2018-11-27,2018,11,276,Tuesday
1792,2018-11-28,2018,11,276,Wednesday
1793,2018-11-29,2018,11,276,Thursday
1794,2018-11-30,2018,11,276,Friday
1795,2018-12-01,2018,12,276,Saturday
1796,2018-12-02,2018,12,276,Sunday
1797,2018-12-03,2018,12,276,Monday
1798,2018-12-04,2018,12,276,Tuesday
1799,2018-12-05,2018,12,276,Wednesday
1800,2018-12-06,2018,12,276,Thursday
1801,2018-12-07,2018,12,276,Friday
1802,2018-12-08,2018,12,276,Saturday
1803,2018-12-09,2018,12,276,Sunday
1804,2018-12-10,2018,12,276,Monday
1805,2018-12-11,2018,12,276,Tuesday
1806,2018-12-12,2018,12,276,Wednesday
1807,2018-12-13,2018,12,276,Thursday
1808,2018-12-14,2018,12,276,Friday
1809,2018-12-15,2018,12,276,Saturday
1810,2018-12-16,2018,12,276,Sunday
1811,2018-12-17,2018,12,276,Monday
1812,2018-12-18,2018,12,276,Tuesday
1813,2018-12-19,2018,12,276,Wednesday
1814,2018-12-20,2018,12,276,Thursday
1815,2018-12-21,2018,12,276,Friday
1816,2018-12-22,2018,12,276,Saturday
1817,2018-12-23,2018,12,276,Sunday
1818,2018-12-24,2018,12,276,Monday
1819,2018-12-25,2018,12,276,Tuesday
1820,2018-12-26,2018,12,276,Wednesday
1821,2018-12-27,2018,12,276,Thursday
1822,2018-12-28,2018,12,276,Friday
1823,2018-12-29,2018,12,276,Saturday
1824,2018-12-30,2018,12,276,Sunday
1825,2018-12-31,2018,12,276,Monday
1826,2019-01-01,2019,1,276,Tuesday
1827,2019-01-02,2019,1,276,Wednesday
1828,2019-01-03,2019,1,276,Thursday
1829,2019-01-04,2019,1,276,Friday
1830,2019-01-05,2019,1,276,Saturday
1831,2019-01-06,2019,1,276,Sunday
1832,2019-01-07,2019,1,276,Monday
1833,2019-01-08,2019,1,276,Tuesday
1834,2019-01-09,2019,1,276,Wednesday
1835,2019-01-10,2019,1,276,Thursday
1836,2019-01-11,2019,1,276,Friday
1837,2019-01-12,2019,1,276,Saturday
1838,2019-01-13,2019,1,276,Sunday
1839,2019-01-14,2019,1,276,Monday
1840,2019-01-15,2019,1,276,Tuesday
1841,2019-01-16,2019,1,276,Wednesday
1842,2019-01-17,2019,1,276,Thursday
1843,2019-01-18,2019,1,276,Friday
1844,2019-01-19,2019,1,276,Saturday
1845,2019-01-20,2019,1,276,Sunday
1846,2019-01-21,2019,1,276,Monday
1847,2019-01-22,2019,1,276,Tuesday
1848,2019-01-23,2019,1,276,Wednesday
1849,2019-01-24,2019,1,276,Thursday
1850,2019-01-25,2019,1,276,Friday
1851,2019-01-26,2019,1,276,Saturday
1852,2019-01-27,2019,1,276,Sunday
1853,2019-01-28,2019,1,276,Monday
1854,2019-01-29,2019,1,276,Tuesday
1855,2019-01-30,2019,1,276,Wednesday
1856,2019-01-31,2019,1,276,Thursday
1857,2019-02-01,2019,2,276,Friday
1858,2019-02-02,2019,2,276,Saturday
1859,2019-02-03,2019,2,276,Sunday
1860,2019-02-04,2019,2,276,Monday
1861,2019-02-05,2019,2,276,Tuesday
1862,2019-02-06,2019,2,276,Wednesday
1863,2019-02-07,2019,2,276,Thursday
1864,2019-02-08,2019,2,276,Friday
1865,2019-02-09,2019,2,276,Saturday
1866,2019-02-10,2019,2,276,Sunday
1867,2019-02-11,2019,2,276,Monday
1868,2019-02-12,2019,2,276,Tuesday
1869,2019-02-13,2019,2,276,Wednesday
1870,2019-02-14,2019,2,276,Thursday
1871,2019-02-15,2019,2,276,Friday
1872,2019-02-16,2019,2,276,Saturday
1873,2019-02-17,2019,2,276,Sunday
1874,2019-02-18,2019,2,276,Monday
1875,2019-02-19,2019,2,276,Tuesday
1876,2019-02-20,2019,2,276,Wednesday
1877,2019-02-21,2019,2,276,Thursday
1878,2019-02-22,2019,2,276,Friday
1879,2019-02-23,2019,2,276,Saturday
1880,2019-02-24,2019,2,276,Sunday
1881,2019-02-25,2019,2,276,Monday
1882,2019-02-26,2019,2,276,Tuesday
1883,2019-02-27,2019,2,276,Wednesday
1884,2019-02-28,2019,2,276,Thursday
1885,2019-03-01,2019,3,276,Friday
1886,2019-03-02,2019,3,276,Saturday
1887,2019-03-03,2019,3,276,Sunday
1888,2019-03-04,2019,3,276,Monday
1889,2019-03-05,2019,3,276,Tuesday
1890,2019-03-06,2019,3,276,Wednesday
1891,2019-03-07,2019,3,276,Thursday
1892,2019-03-08,2019,3,276,Friday
1893,2019-03-09,2019,3,276,Saturday
1894,2019-03-10,2019,3,276,Sunday
1895,2019-03-11,2019,3,276,Monday
1896,2019-03-12,2019,3,276,Tuesday
1897,2019-03-13,2019,3,276,Wednesday
1898,2019-03-14,2019,3,276,Thursday
1899,2019-03-15,2019,3,276,Friday
1900,2019-03-16,2019,3,276,Saturday
1901,2019-03-17,2019,3,276,Sunday
1902,2019-03-18,2019,3,276,Monday
1903,2019-03-19,2019,3,276,Tuesday
1904,2019-03-20,2019,3,276,Wednesday
1905,2019-03-21,2019,3,276,Thursday
1906,2019-03-22,2019,3,276,Friday
1907,2019-03-23,2019,3,276,Saturday
1908,2019-03-24,2019,3,276,Sunday
1909,2019-03-25,2019,3,276,Monday
1910,2019-03-26,2019,3,276,Tuesday
1911,2019-03-27,2019,3,276,Wednesday
1912,2019-03-28,2019,3,276,Thursday
1913,2019-03-29,2019,3,276,Friday
1914,2019-03-30,2019,3,276,Saturday
1915,2019-03-31,2019,3,276,Sunday
1916,2019-04-01,2019,4,276,Monday
1917,2019-04-02,2019,4,276,Tuesday
1918,2019-04-03,2019,4,276,Wednesday
1919,2019-04-04,2019,4,276,Thursday
1920,2019-04-05,2019,4,276,Friday
1921,2019-04-06,2019,4,276,Saturday
1922,2019-04-07,2019,4,276,Sunday
1923,2019-04-08,2019,4,276,Monday
1924,2019-04-09,2019,4,276,Tuesday
1925,2019-04-10,2019,4,276,Wednesday
1926,2019-04-11,2019,4,276,Thursday
1927,2019-04-12,2019,4,276,Friday
1928,2019-04-13,2019,4,276,Saturday
1929,2019-04-14,2019,4,276,Sunday
1930,2019-04-15,2019,4,276,Monday
1931,2019-04-16,2019,4,276,Tuesday
1932,2019-04-17,2019,4,276,Wednesday
1933,2019-04-18,2019,4,276,Thursday
1934,2019-04-19,2019,4,276,Friday
1935,2019-04-20,2019,4,276,Saturday
1936,2019-04-21,2019,4,276,Sunday
1937,2019-04-22,2019,4,276,Monday
1938,2019-04-23,2019,4,276,Tuesday
1939,2019-04-24,2019,4,276,Wednesday
1940,2019-04-25,2019,4,276,Thursday
1941,2019-04-26,2019,4,276,Friday
1942,2019-04-27,2019,4,276,Saturday
1943,2019-04-28,2019,4,276,Sunday
1944,2019-04-29,2019,4,276,Monday
1945,2019-04-30,2019,4,276,Tuesday
1946,2019-05-01,2019,5,276,Wednesday
1947,2019-05-02,2019,5,276,Thursday
1948,2019-05-03,2019,5,276,Friday
1949,2019-05-04,2019,5,276,Saturday
1950,2019-05-05,2019,5,276,Sunday
1951,2019-05-06,2019,5,276,Monday
1952,2019-05-07,2019,5,276,Tuesday
1953,2019-05-08,2019,5,276,Wednesday
1954,2019-05-09,2019,5,276,Thursday
1955,2019-05-10,2019,5,276,Friday
1956,2019-05-11,2019,5,276,Saturday
1957,2019-05-12,2019,5,276,Sunday
1958,2019-05-13,2019,5,276,Monday
1959,2019-05-14,2019,5,276,Tuesday
1960,2019-05-15,2019,5,276,Wednesday
1961,2019-05-16,2019,5,276,Thursday
1962,2019-05-17,2019,5,276,Friday
1963,2019-05-18,2019,5,276,Saturday
1964,2019-05-19,2019,5,276,Sunday
1965,2019-05-20,2019,5,276,Monday
1966,2019-05-21,2019,5,276,Tuesday
1967,2019-05-22,2019,5,276,Wednesday
1968,2019-05-23,2019,5,276,Thursday
1969,2019-05-24,2019,5,276,Friday
1970,2019-05-25,2019,5,276,Saturday
1971,2019-05-26,2019,5,276,Sunday
1972,2019-05-27,2019,5,276,Monday
1973,2019-05-28,2019,5,276,Tuesday
1974,2019-05-29,2019,5,276,Wednesday
1975,2019-05-30,2019,5,276,Thursday
1976,2019-05-31,2019,5,276,Friday
1977,2019-06-01,2019,6,276,Saturday
1978,2019-06-02,2019,6,276,Sunday
1979,2019-06-03,2019,6,276,Monday
1980,2019-06-04,2019,6,276,Tuesday
1981,2019-06-05,2019,6,276,Wednesday
1982,2019-06-06,2019,6,276,Thursday
1983,2019-06-07,2019,6,276,Friday
1984,2019-06-08,2019,6,276,Saturday
1985,2019-06-09,2019,6,276,Sunday
1986,2019-06-10,2019,6,276,Monday
1987,2019-06-11,2019,6,276,Tuesday
1988,2019-06-12,2019,6,276,Wednesday
1989,2019-06-13,2019,6,276,Thursday
1990,2019-06-14,2019,6,276,Friday
1991,2019-06-15,2019,6,276,Saturday
1992,2019-06-16,2019,6,276,Sunday
1993,2019-06-17,2019,6,276,Monday
1994,2019-06-18,2019,6,276,Tuesday
1995,2019-06-19,2019,6,276,Wednesday
1996,2019-06-20,2019,6,276,Thursday
1997,2019-06-21,2019,6,276,Friday
1998,2019-06-22,2019,6,276,Saturday
1999,2019-06-23,2019,6,276,Sunday
2000,2019-06-24,2019,6,276,Monday
2001,2019-06-25,2019,6,276,Tuesday
2002,2019-06-26,2019,6,276,Wednesday
2003,2019-06-27,2019,6,276,Thursday
2004,2019-06-28,2019,6,276,Friday
2005,2019-06-29,2019,6,276,Saturday
2006,2019-06-30,2019,6,276,Sunday
2007,2019-07-01,2019,7,276,Monday
2008,2019-07-02,2019,7,276,Tuesday
2009,2019-07-03,2019,7,276,Wednesday
2010,2019-07-04,2019,7,276,Thursday
2011,2019-07-05,2019,7,276,Friday
2012,2019-07-06,2019,7,276,Saturday
2013,2019-07-07,2019,7,276,Sunday
2014,2019-07-08,2019,7,276,Monday
2015,2019-07-09,2019,7,276,Tuesday
2016,2019-07-10,2019,7,276,Wednesday
2017,2019-07-11,2019,7,276,Thursday
2018,2019-07-12,2019,7,276,Friday
2019,2019-07-13,2019,7,276,Saturday
2020,2019-07-14,2019,7,276,Sunday
2021,2019-07-15,2019,7,276,Monday
2022,2019-07-16,2019,7,276,Tuesday
2023,2019-07-17,2019,7,276,Wednesday
2024,2019-07-18,2019,7,276,Thursday
2025,2019-07-19,2019,7,276,Friday
2026,2019-07-20,2019,7,276,Saturday
2027,2019-07-21,2019,7,276,Sunday
2028,2019-07-22,2019,7,276,Monday
2029,2019-07-23,2019,7,276,Tuesday
2030,2019-07-24,2019,7,276,Wednesday
2031,2019-07-25,2019,7,276,Thursday
2032,2019-07-26,2019,7,276,Friday
2033,2019-07-27,2019,7,276,Saturday
2034,2019-07-28,2019,7,276,Sunday
2035,2019-07-29,2019,7,276,Monday
2036,2019-07-30,2019,7,276,Tuesday
2037,2019-07-31,2019,7,276,Wednesday
2038,2019-08-01,2019,8,276,Thursday
2039,2019-08-02,2019,8,276,Friday
2040,2019-08-03,2019,8,276,Saturday
2041,2019-08-04,2019,8,276,Sunday
2042,2019-08-05,2019,8,276,Monday
2043,2019-08-06,2019,8,276,Tuesday
2044,2019-08-07,2019,8,276,Wednesday
2045,2019-08-08,2019,8,276,Thursday
2046,2019-08-09,2019,8,276,Friday
2047,2019-08-10,2019,8,276,Saturday
2048,2019-08-11,2019,8,276,Sunday
2049,2019-08-12,2019,8,276,Monday
2050,2019-08-13,2019,8,276,Tuesday
2051,2019-08-14,2019,8,276,Wednesday
2052,2019-08-15,2019,8,276,Thursday
2053,2019-08-16,2019,8,276,Friday
2054,2019-08-17,2019,8,276,Saturday
2055,2019-08-18,2019,8,276,Sunday
2056,2019-08-19,2019,8,276,Monday
2057,2019-08-20,2019,8,276,Tuesday
2058,2019-08-21,2019,8,276,Wednesday
2059,2019-08-22,2019,8,276,Thursday
2060,2019-08-23,2019,8,276,Friday
2061,2019-08-24,2019,8,276,Saturday
2062,2019-08-25,2019,8,276,Sunday
2063,2019-08-26,2019,8,276,Monday
2064,2019-08-27,2019,8,276,Tuesday
2065,2019-08-28,2019,8,276,Wednesday
2066,2019-08-29,2019,8,276,Thursday
2067,2019-08-30,2019,8,276,Friday
2068,2019-08-31,2019,8,276,Saturday
2069,2019-09-01,2019,9,276,Sunday
2070,2019-09-02,2019,9,276,Monday
2071,2019-09-03,2019,9,276,Tuesday
2072,2019-09-04,2019,9,276,Wednesday
2073,2019-09-05,2019,9,276,Thursday
2074,2019-09-06,2019,9,276,Friday
2075,2019-09-07,2019,9,276,Saturday
2076,2019-09-08,2019,9,276,Sunday
2077,2019-09-09,2019,9,276,Monday
2078,2019-09-10,2019,9,276,Tuesday
2079,2019-09-11,2019,9,276,Wednesday
2080,2019-09-12,2019,9,276,Thursday
2081,2019-09-13,2019,9,276,Friday
2082,2019-09-14,2019,9,276,Saturday
2083,2019-09-15,2019,9,276,Sunday
2084,2019-09-16,2019,9,276,Monday
2085,2019-09-17,2019,9,276,Tuesday
2086,2019-09-18,2019,9,276,Wednesday
2087,2019-09-19,2019,9,276,Thursday
2088,2019-09-20,2019,9,276,Friday
2089,2019-09-21,2019,9,276,Saturday
2090,2019-09-22,2019,9,276,Sunday
2091,2019-09-23,2019,9,276,Monday
2092,2019-09-24,2019,9,276,Tuesday
2093,2019-09-25,2019,9,276,Wednesday
2094,2019-09-26,2019,9,276,Thursday
2095,2019-09-27,2019,9,276,Friday
2096,2019-09-28,2019,9,276,Saturday
2097,2019-09-29,2019,9,276,Sunday
2098,2019-09-30,2019,9,276,Monday
2099,2019-10-01,2019,10,276,Tuesday
2100,2019-10-02,2019,10,276,Wednesday
2101,2019-10-03,2019,10,276,Thursday
2102,2019-10-04,2019,10,276,Friday
2103,2019-10-05,2019,10,276,Saturday
2104,2019-10-06,2019,10,276,Sunday
2105,2019-10-07,2019,10,276,Monday
2106,2019-10-08,2019,10,190,Tuesday
